timestamp,device,rodada,id,tempInterna,tempExterna,umidade,luz,criticidade,distancia,tempoForaDaFaixa,situacao
2026-08-24 18:00:00+00:00,ESP32Noris001Vaccine,1,0,2.5,25.0,72.1,68,43,16.9,0,TRANSPORTE_OK
2026-08-24 18:00:01+00:00,ESP32Noris001Vaccine,1,1,2.75,24.8,77.0,64,41,17.2,0,TRANSPORTE_OK
2026-08-24 18:00:02+00:00,ESP32Noris001Vaccine,1,2,2.75,24.4,76.9,51,45,15.5,0,TRANSPORTE_OK
2026-08-24 18:00:03+00:00,ESP32Noris001Vaccine,1,3,3.25,25.1,71.1,67,42,16.0,0,TRANSPORTE_OK
2026-08-24 18:00:04+00:00,ESP32Noris001Vaccine,1,4,3.25,25.1,73.7,61,40,15.9,0,TRANSPORTE_OK
2026-08-24 18:00:05+00:00,ESP32Noris001Vaccine,1,5,3.25,24.9,72.4,47,41,15.5,0,TRANSPORTE_OK
2026-08-24 18:00:06+00:00,ESP32Noris001Vaccine,1,6,3.5,24.6,77.4,53,41,14.1,0,TRANSPORTE_OK
2026-08-24 18:00:07+00:00,ESP32Noris001Vaccine,1,7,3.5,24.9,69.6,45,43,13.9,0,TRANSPORTE_OK
2026-08-24 18:00:08+00:00,ESP32Noris001Vaccine,1,8,4.0,25.3,75.0,36,39,13.8,0,TRANSPORTE_OK
2026-08-24 18:00:09+00:00,ESP32Noris001Vaccine,1,9,4.0,25.6,70.2,41,42,12.9,0,TRANSPORTE_OK
2026-08-24 18:00:10+00:00,ESP32Noris001Vaccine,1,10,4.0,24.9,69.4,45,42,12.5,0,TRANSPORTE_OK
2026-08-24 18:00:11+00:00,ESP32Noris001Vaccine,1,11,4.25,25.5,74.6,51,41,10.6,0,TRANSPORTE_OK
2026-08-24 18:00:12+00:00,ESP32Noris001Vaccine,1,12,4.5,25.2,70.6,35,41,11.5,0,TRANSPORTE_OK
2026-08-24 18:00:13+00:00,ESP32Noris001Vaccine,1,13,4.5,24.9,73.1,49,40,13.9,0,TRANSPORTE_OK
2026-08-24 18:00:14+00:00,ESP32Noris001Vaccine,1,14,4.75,25.5,75.2,57,44,14.2,0,TRANSPORTE_OK
2026-08-24 18:00:15+00:00,ESP32Noris001Vaccine,1,15,5.0,25.4,71.8,64,41,13.7,0,TRANSPORTE_OK
2026-08-24 18:00:16+00:00,ESP32Noris001Vaccine,1,16,5.25,24.7,77.3,64,43,15.3,0,TRANSPORTE_OK
2026-08-24 18:00:17+00:00,ESP32Noris001Vaccine,1,17,5.25,25.0,73.0,64,41,14.8,0,TRANSPORTE_OK
2026-08-24 18:00:18+00:00,ESP32Noris001Vaccine,1,18,5.75,25.1,74.7,67,41,15.3,0,TRANSPORTE_OK
2026-08-24 18:00:19+00:00,ESP32Noris001Vaccine,1,19,5.75,24.9,72.7,82,42,16.8,0,TRANSPORTE_OK
2026-08-24 18:00:20+00:00,ESP32Noris001Vaccine,1,20,6.0,25.1,74.6,63,42,17.1,0,TRANSPORTE_OK
2026-08-24 18:00:21+00:00,ESP32Noris001Vaccine,1,21,6.0,24.4,71.8,71,41,17.8,0,TRANSPORTE_OK
2026-08-24 18:00:22+00:00,ESP32Noris001Vaccine,1,22,6.25,25.0,74.3,75,44,16.8,0,TRANSPORTE_OK
2026-08-24 18:00:23+00:00,ESP32Noris001Vaccine,1,23,6.0,24.9,67.3,65,37,16.2,0,TRANSPORTE_OK
2026-08-24 18:00:24+00:00,ESP32Noris001Vaccine,1,24,5.75,24.8,74.1,77,43,17.5,0,TRANSPORTE_OK
2026-08-24 18:00:25+00:00,ESP32Noris001Vaccine,1,25,5.75,24.3,76.1,82,45,15.1,0,TRANSPORTE_OK
2026-08-24 18:00:26+00:00,ESP32Noris001Vaccine,1,26,5.5,23.9,77.6,75,40,15.2,0,TRANSPORTE_OK
2026-08-24 18:00:27+00:00,ESP32Noris001Vaccine,1,27,5.5,23.8,74.0,97,43,14.1,0,TRANSPORTE_OK
2026-08-24 18:00:28+00:00,ESP32Noris001Vaccine,1,28,5.0,23.2,77.8,73,40,13.5,0,TRANSPORTE_OK
2026-08-24 18:00:29+00:00,ESP32Noris001Vaccine,1,29,5.25,22.9,77.8,76,45,13.1,0,TRANSPORTE_OK
2026-08-24 18:00:30+00:00,ESP32Noris001Vaccine,1,30,5.0,23.1,75.6,90,42,12.4,0,TRANSPORTE_OK
2026-08-24 18:00:31+00:00,ESP32Noris001Vaccine,1,31,4.75,22.2,75.0,80,43,12.2,0,TRANSPORTE_OK
2026-08-24 18:00:32+00:00,ESP32Noris001Vaccine,1,32,4.75,22.6,72.3,87,41,10.7,0,TRANSPORTE_OK
2026-08-24 18:00:33+00:00,ESP32Noris001Vaccine,1,33,4.75,22.4,73.1,75,41,11.9,0,TRANSPORTE_OK
2026-08-24 18:00:34+00:00,ESP32Noris001Vaccine,1,34,4.75,21.9,77.5,78,43,11.1,0,TRANSPORTE_OK
2026-08-24 18:00:35+00:00,ESP32Noris001Vaccine,1,35,4.75,22.2,75.9,82,41,10.5,0,TRANSPORTE_OK
2026-08-24 18:00:36+00:00,ESP32Noris001Vaccine,1,36,5.0,22.0,80.8,89,41,11.7,0,TRANSPORTE_OK
2026-08-24 18:00:37+00:00,ESP32Noris001Vaccine,1,37,4.75,22.0,78.7,71,46,10.9,0,TRANSPORTE_OK
2026-08-24 18:00:38+00:00,ESP32Noris001Vaccine,1,38,5.0,22.1,77.4,73,40,12.5,0,TRANSPORTE_OK
2026-08-24 18:00:39+00:00,ESP32Noris001Vaccine,1,39,5.0,22.2,76.8,88,41,10.9,0,TRANSPORTE_OK
2026-08-24 18:00:40+00:00,ESP32Noris001Vaccine,1,40,5.0,21.1,78.0,81,43,11.3,0,TRANSPORTE_OK
2026-08-24 18:00:41+00:00,ESP32Noris001Vaccine,1,41,5.0,21.7,75.9,77,43,11.0,0,TRANSPORTE_OK
2026-08-24 18:00:42+00:00,ESP32Noris001Vaccine,1,42,5.25,21.0,77.7,78,42,11.5,0,TRANSPORTE_OK
2026-08-24 18:00:43+00:00,ESP32Noris001Vaccine,1,43,5.0,21.1,79.0,77,40,12.0,0,TRANSPORTE_OK
2026-08-24 18:05:43+00:00,ESP32Noris001Vaccine,2,0,4.75,38.3,58.5,78,18,16.1,0,AMBIENTE_HOSTIL
2026-08-24 18:05:44+00:00,ESP32Noris001Vaccine,2,1,4.5,37.4,56.9,68,15,16.8,0,AMBIENTE_HOSTIL
2026-08-24 18:05:45+00:00,ESP32Noris001Vaccine,2,2,4.25,37.5,57.4,66,16,17.7,0,AMBIENTE_HOSTIL
2026-08-24 18:05:46+00:00,ESP32Noris001Vaccine,2,3,4.25,36.7,55.6,59,17,17.9,0,AMBIENTE_HOSTIL
2026-08-24 18:05:47+00:00,ESP32Noris001Vaccine,2,4,4.0,37.1,54.7,60,18,19.5,0,AMBIENTE_HOSTIL
2026-08-24 18:05:48+00:00,ESP32Noris001Vaccine,2,5,3.75,36.2,61.4,50,18,18.5,0,AMBIENTE_HOSTIL
2026-08-24 18:05:49+00:00,ESP32Noris001Vaccine,2,6,3.75,36.7,57.1,41,18,18.2,0,AMBIENTE_HOSTIL
2026-08-24 18:05:50+00:00,ESP32Noris001Vaccine,2,7,3.5,36.2,55.3,42,17,19.3,0,AMBIENTE_HOSTIL
2026-08-24 18:05:51+00:00,ESP32Noris001Vaccine,2,8,3.5,36.5,56.0,45,15,18.8,0,AMBIENTE_HOSTIL
2026-08-24 18:05:52+00:00,ESP32Noris001Vaccine,2,9,3.5,36.3,57.6,38,15,17.8,0,AMBIENTE_HOSTIL
2026-08-24 18:05:53+00:00,ESP32Noris001Vaccine,2,10,4.0,36.1,56.3,33,16,18.5,0,AMBIENTE_HOSTIL
2026-08-24 18:05:54+00:00,ESP32Noris001Vaccine,2,11,4.25,35.7,62.3,60,18,17.3,0,AMBIENTE_HOSTIL
2026-08-24 18:05:55+00:00,ESP32Noris001Vaccine,2,12,4.75,35.7,60.1,52,13,17.2,0,AMBIENTE_HOSTIL
2026-08-24 18:05:56+00:00,ESP32Noris001Vaccine,2,13,5.0,34.8,57.1,58,19,17.7,0,AMBIENTE_HOSTIL
2026-08-24 18:05:57+00:00,ESP32Noris001Vaccine,2,14,5.25,34.9,56.6,59,21,17.0,0,AMBIENTE_HOSTIL
2026-08-24 18:05:58+00:00,ESP32Noris001Vaccine,2,15,5.5,34.9,55.4,87,18,14.8,0,AMBIENTE_HOSTIL
2026-08-24 18:05:59+00:00,ESP32Noris001Vaccine,2,16,6.0,34.7,60.0,68,15,15.8,0,AMBIENTE_HOSTIL
2026-08-24 18:06:00+00:00,ESP32Noris001Vaccine,2,17,6.5,34.5,60.3,84,17,15.5,0,AMBIENTE_HOSTIL
2026-08-24 18:06:01+00:00,ESP32Noris001Vaccine,2,18,6.5,34.8,60.8,86,16,15.4,0,AMBIENTE_HOSTIL
2026-08-24 18:06:02+00:00,ESP32Noris001Vaccine,2,19,6.0,34.7,57.7,68,17,14.5,0,AMBIENTE_HOSTIL
2026-08-24 18:06:03+00:00,ESP32Noris001Vaccine,2,20,5.75,34.2,59.4,79,17,15.6,0,AMBIENTE_HOSTIL
2026-08-24 18:06:04+00:00,ESP32Noris001Vaccine,2,21,5.75,34.6,57.7,72,16,16.9,0,AMBIENTE_HOSTIL
2026-08-24 18:06:05+00:00,ESP32Noris001Vaccine,2,22,5.5,35.0,56.6,65,16,15.4,0,AMBIENTE_HOSTIL
2026-08-24 18:06:06+00:00,ESP32Noris001Vaccine,2,23,5.25,35.0,53.7,61,21,15.5,0,AMBIENTE_HOSTIL
2026-08-24 18:06:07+00:00,ESP32Noris001Vaccine,2,24,5.25,35.0,59.6,45,20,16.6,0,AMBIENTE_HOSTIL
2026-08-24 18:06:08+00:00,ESP32Noris001Vaccine,2,25,5.25,35.2,55.1,53,16,15.8,0,AMBIENTE_HOSTIL
2026-08-24 18:06:09+00:00,ESP32Noris001Vaccine,2,26,5.0,35.6,54.8,52,15,16.4,0,AMBIENTE_HOSTIL
2026-08-24 18:06:10+00:00,ESP32Noris001Vaccine,2,27,5.25,35.6,60.3,54,18,16.4,0,AMBIENTE_HOSTIL
2026-08-24 18:06:11+00:00,ESP32Noris001Vaccine,2,28,5.25,35.5,59.1,52,15,17.0,0,AMBIENTE_HOSTIL
2026-08-24 18:06:12+00:00,ESP32Noris001Vaccine,2,29,5.75,35.9,57.2,61,18,17.2,0,AMBIENTE_HOSTIL
2026-08-24 18:06:13+00:00,ESP32Noris001Vaccine,2,30,5.75,35.9,59.2,45,16,17.5,0,AMBIENTE_HOSTIL
2026-08-24 18:06:14+00:00,ESP32Noris001Vaccine,2,31,5.75,35.9,60.8,58,16,17.5,0,AMBIENTE_HOSTIL
2026-08-24 18:06:15+00:00,ESP32Noris001Vaccine,2,32,6.25,36.2,57.0,64,17,16.4,0,AMBIENTE_HOSTIL
2026-08-24 18:06:16+00:00,ESP32Noris001Vaccine,2,33,6.5,36.5,56.7,51,17,17.5,0,AMBIENTE_HOSTIL
2026-08-24 18:06:17+00:00,ESP32Noris001Vaccine,2,34,6.5,36.1,60.7,55,18,18.2,0,AMBIENTE_HOSTIL
2026-08-24 18:09:32+00:00,ESP32Noris001Vaccine,3,0,7.0,24.4,71.3,83,30,17.0,0,TRANSPORTE_OK
2026-08-24 18:09:33+00:00,ESP32Noris001Vaccine,3,1,7.25,24.2,74.5,80,30,17.4,0,TRANSPORTE_OK
2026-08-24 18:09:34+00:00,ESP32Noris001Vaccine,3,2,7.25,24.2,69.5,70,33,16.6,0,TRANSPORTE_OK
2026-08-24 18:09:35+00:00,ESP32Noris001Vaccine,3,3,7.0,23.9,74.8,78,32,15.8,0,TRANSPORTE_OK
2026-08-24 18:09:36+00:00,ESP32Noris001Vaccine,3,4,7.0,24.2,77.6,70,32,14.6,0,TRANSPORTE_OK
2026-08-24 18:09:37+00:00,ESP32Noris001Vaccine,3,5,7.0,23.6,74.1,55,32,15.7,0,TRANSPORTE_OK
2026-08-24 18:09:38+00:00,ESP32Noris001Vaccine,3,6,7.0,23.4,75.0,75,32,14.4,0,TRANSPORTE_OK
2026-08-24 18:09:39+00:00,ESP32Noris001Vaccine,3,7,7.0,23.2,78.8,55,35,14.0,0,TRANSPORTE_OK
2026-08-24 18:09:40+00:00,ESP32Noris001Vaccine,3,8,7.0,23.7,74.6,50,32,12.4,0,TRANSPORTE_OK
2026-08-24 18:09:41+00:00,ESP32Noris001Vaccine,3,9,7.0,23.6,75.7,53,32,12.7,0,TRANSPORTE_OK
2026-08-24 18:09:42+00:00,ESP32Noris001Vaccine,3,10,6.75,23.4,73.4,50,33,12.9,0,TRANSPORTE_OK
2026-08-24 18:09:43+00:00,ESP32Noris001Vaccine,3,11,6.75,23.3,76.0,42,32,13.8,0,TRANSPORTE_OK
2026-08-24 18:09:44+00:00,ESP32Noris001Vaccine,3,12,6.75,23.3,70.3,51,32,13.5,0,TRANSPORTE_OK
2026-08-24 18:09:45+00:00,ESP32Noris001Vaccine,3,13,6.25,23.6,74.1,43,31,13.5,0,TRANSPORTE_OK
2026-08-24 18:09:46+00:00,ESP32Noris001Vaccine,3,14,6.5,23.5,70.9,39,31,14.1,0,TRANSPORTE_OK
2026-08-24 18:09:47+00:00,ESP32Noris001Vaccine,3,15,6.25,24.0,73.2,47,36,14.5,0,TRANSPORTE_OK
2026-08-24 18:09:48+00:00,ESP32Noris001Vaccine,3,16,6.0,24.0,77.4,52,35,14.6,0,TRANSPORTE_OK
2026-08-24 18:09:49+00:00,ESP32Noris001Vaccine,3,17,6.0,23.7,75.1,55,31,14.6,0,TRANSPORTE_OK
2026-08-24 18:09:50+00:00,ESP32Noris001Vaccine,3,18,6.0,24.0,75.0,55,32,15.8,0,TRANSPORTE_OK
2026-08-24 18:09:51+00:00,ESP32Noris001Vaccine,3,19,6.0,23.5,77.7,57,33,14.8,0,TRANSPORTE_OK
2026-08-24 18:09:52+00:00,ESP32Noris001Vaccine,3,20,6.0,23.8,74.8,55,31,14.6,0,TRANSPORTE_OK
2026-08-24 18:09:53+00:00,ESP32Noris001Vaccine,3,21,6.0,24.1,74.4,37,28,14.7,0,TRANSPORTE_OK
2026-08-24 18:09:54+00:00,ESP32Noris001Vaccine,3,22,6.0,23.6,75.1,50,33,14.8,0,TRANSPORTE_OK
2026-08-24 18:09:55+00:00,ESP32Noris001Vaccine,3,23,6.0,23.5,74.4,42,34,13.5,0,TRANSPORTE_OK
2026-08-24 18:09:56+00:00,ESP32Noris001Vaccine,3,24,6.25,23.9,76.1,48,28,13.6,0,TRANSPORTE_OK
2026-08-24 18:09:57+00:00,ESP32Noris001Vaccine,3,25,6.25,23.8,74.5,39,34,13.7,0,TRANSPORTE_OK
2026-08-24 18:09:58+00:00,ESP32Noris001Vaccine,3,26,6.0,23.7,70.8,33,32,13.9,0,TRANSPORTE_OK
2026-08-24 18:09:59+00:00,ESP32Noris001Vaccine,3,27,6.5,24.6,75.7,50,32,14.2,0,TRANSPORTE_OK
2026-08-24 18:10:00+00:00,ESP32Noris001Vaccine,3,28,6.25,23.9,75.3,48,33,13.3,0,TRANSPORTE_OK
2026-08-24 18:10:01+00:00,ESP32Noris001Vaccine,3,29,6.5,25.0,75.2,46,29,13.9,0,TRANSPORTE_OK
2026-08-24 18:10:02+00:00,ESP32Noris001Vaccine,3,30,6.75,25.3,75.4,66,32,13.1,0,TRANSPORTE_OK
2026-08-24 18:10:03+00:00,ESP32Noris001Vaccine,3,31,6.5,25.4,71.9,60,30,12.7,0,TRANSPORTE_OK
2026-08-24 18:10:04+00:00,ESP32Noris001Vaccine,3,32,6.75,25.8,73.2,67,30,14.6,0,TRANSPORTE_OK
2026-08-24 18:10:05+00:00,ESP32Noris001Vaccine,3,33,6.75,26.2,72.7,76,32,14.3,0,TRANSPORTE_OK
2026-08-24 18:10:06+00:00,ESP32Noris001Vaccine,3,34,7.25,26.2,74.4,82,29,13.8,0,TRANSPORTE_OK
2026-08-24 18:12:27+00:00,ESP32Noris001Vaccine,4,0,7.5,27.3,65.7,82,26,16.9,0,TRANSPORTE_OK
2026-08-24 18:12:28+00:00,ESP32Noris001Vaccine,4,1,7.5,27.8,64.6,94,22,18.5,0,TRANSPORTE_OK
2026-08-24 18:12:29+00:00,ESP32Noris001Vaccine,4,2,7.5,27.4,70.7,96,26,17.5,0,TRANSPORTE_OK
2026-08-24 18:12:30+00:00,ESP32Noris001Vaccine,4,3,7.5,27.5,73.8,86,25,17.6,0,TRANSPORTE_OK
2026-08-24 18:12:31+00:00,ESP32Noris001Vaccine,4,4,7.5,27.3,65.1,67,28,18.1,0,TRANSPORTE_OK
2026-08-24 18:12:32+00:00,ESP32Noris001Vaccine,4,5,7.5,27.7,72.1,71,24,18.8,0,TRANSPORTE_OK
2026-08-24 18:12:33+00:00,ESP32Noris001Vaccine,4,6,7.25,27.7,67.6,66,27,18.8,0,TRANSPORTE_OK
2026-08-24 18:12:34+00:00,ESP32Noris001Vaccine,4,7,7.25,27.3,72.9,82,25,18.4,0,TRANSPORTE_OK
2026-08-24 18:12:35+00:00,ESP32Noris001Vaccine,4,8,7.25,27.6,68.0,74,24,18.0,0,TRANSPORTE_OK
2026-08-24 18:12:36+00:00,ESP32Noris001Vaccine,4,9,7.25,27.6,65.9,71,21,18.8,0,TRANSPORTE_OK
2026-08-24 18:12:37+00:00,ESP32Noris001Vaccine,4,10,7.5,27.2,72.5,56,25,18.1,0,TRANSPORTE_OK
2026-08-24 18:12:38+00:00,ESP32Noris001Vaccine,4,11,7.5,27.2,72.0,59,27,19.0,0,TRANSPORTE_OK
2026-08-24 18:12:39+00:00,ESP32Noris001Vaccine,4,12,7.25,27.0,70.5,53,23,19.5,0,TRANSPORTE_OK
2026-08-24 18:12:40+00:00,ESP32Noris001Vaccine,4,13,7.25,26.1,70.6,56,21,18.9,0,TRANSPORTE_OK
2026-08-24 18:12:41+00:00,ESP32Noris001Vaccine,4,14,7.5,26.5,68.6,74,23,18.7,0,TRANSPORTE_OK
2026-08-24 18:12:42+00:00,ESP32Noris001Vaccine,4,15,7.25,25.1,69.3,65,23,18.9,0,TRANSPORTE_OK
2026-08-24 18:12:43+00:00,ESP32Noris001Vaccine,4,16,7.25,25.3,69.9,68,25,17.9,0,TRANSPORTE_OK
2026-08-24 18:12:44+00:00,ESP32Noris001Vaccine,4,17,7.25,24.9,73.0,71,24,18.7,0,TRANSPORTE_OK
2026-08-24 18:12:45+00:00,ESP32Noris001Vaccine,4,18,7.0,24.7,69.3,69,22,18.5,0,TRANSPORTE_OK
2026-08-24 18:12:46+00:00,ESP32Noris001Vaccine,4,19,7.0,23.8,73.7,66,23,18.3,0,TRANSPORTE_OK
2026-08-24 18:12:47+00:00,ESP32Noris001Vaccine,4,20,7.0,23.4,74.0,77,23,17.1,0,TRANSPORTE_OK
2026-08-24 18:12:48+00:00,ESP32Noris001Vaccine,4,21,7.0,23.4,78.8,69,24,18.4,0,TRANSPORTE_OK
2026-08-24 18:12:49+00:00,ESP32Noris001Vaccine,4,22,7.25,23.0,74.1,71,24,18.8,0,TRANSPORTE_OK
2026-08-24 18:12:50+00:00,ESP32Noris001Vaccine,4,23,7.25,23.4,79.2,69,24,19.5,0,TRANSPORTE_OK
2026-08-24 18:12:51+00:00,ESP32Noris001Vaccine,4,24,7.0,23.8,73.5,71,22,18.5,0,TRANSPORTE_OK
2026-08-24 18:12:52+00:00,ESP32Noris001Vaccine,4,25,7.25,23.7,80.4,62,21,17.0,0,TRANSPORTE_OK
2026-08-24 18:12:53+00:00,ESP32Noris001Vaccine,4,26,7.0,24.0,75.7,57,19,16.5,0,TRANSPORTE_OK
2026-08-24 18:12:54+00:00,ESP32Noris001Vaccine,4,27,7.0,24.4,73.0,47,23,16.3,0,TRANSPORTE_OK
2026-08-24 18:12:55+00:00,ESP32Noris001Vaccine,4,28,7.25,25.1,69.4,61,27,16.2,0,TRANSPORTE_OK
2026-08-24 18:12:56+00:00,ESP32Noris001Vaccine,4,29,7.25,25.0,69.8,39,24,14.8,0,TRANSPORTE_OK
2026-08-24 18:12:57+00:00,ESP32Noris001Vaccine,4,30,7.0,25.8,76.6,27,23,15.7,0,TRANSPORTE_OK
2026-08-24 18:12:58+00:00,ESP32Noris001Vaccine,4,31,7.0,25.5,72.1,39,20,14.9,0,TRANSPORTE_OK
2026-08-24 18:12:59+00:00,ESP32Noris001Vaccine,4,32,7.0,26.2,70.2,26,23,14.2,0,TRANSPORTE_OK
2026-08-24 18:13:00+00:00,ESP32Noris001Vaccine,4,33,7.25,26.2,69.8,31,27,14.0,0,TRANSPORTE_OK
2026-08-24 18:13:01+00:00,ESP32Noris001Vaccine,4,34,7.25,26.8,65.9,41,23,14.6,0,TRANSPORTE_OK
2026-08-24 18:13:02+00:00,ESP32Noris001Vaccine,4,35,7.25,26.0,65.2,51,25,14.4,0,TRANSPORTE_OK
2026-08-24 18:13:03+00:00,ESP32Noris001Vaccine,4,36,7.25,26.3,71.9,58,23,14.0,0,TRANSPORTE_OK
2026-08-24 18:13:04+00:00,ESP32Noris001Vaccine,4,37,7.0,27.0,69.1,55,23,14.6,0,TRANSPORTE_OK
2026-08-24 18:13:05+00:00,ESP32Noris001Vaccine,4,38,7.25,26.2,71.2,66,23,14.5,0,TRANSPORTE_OK
2026-08-24 18:13:06+00:00,ESP32Noris001Vaccine,4,39,7.25,26.3,72.8,66,22,15.7,0,TRANSPORTE_OK
2026-08-24 18:13:07+00:00,ESP32Noris001Vaccine,4,40,7.0,26.9,70.9,74,22,15.9,0,TRANSPORTE_OK
2026-08-24 18:13:08+00:00,ESP32Noris001Vaccine,4,41,7.0,26.6,74.8,78,21,13.5,0,TRANSPORTE_OK
2026-08-24 18:13:09+00:00,ESP32Noris001Vaccine,4,42,7.0,26.6,70.1,76,24,14.4,0,TRANSPORTE_OK
2026-08-24 18:13:10+00:00,ESP32Noris001Vaccine,4,43,7.0,26.6,74.6,91,24,15.9,0,TRANSPORTE_OK
2026-08-24 18:16:10+00:00,ESP32Noris001Vaccine,5,0,2.5,21.5,77.6,57,26,11.3,0,TRANSPORTE_OK
2026-08-24 18:16:11+00:00,ESP32Noris001Vaccine,5,1,2.75,21.6,75.1,62,30,11.8,0,TRANSPORTE_OK
2026-08-24 18:16:12+00:00,ESP32Noris001Vaccine,5,2,2.75,21.4,77.0,54,31,13.3,0,TRANSPORTE_OK
2026-08-24 18:16:13+00:00,ESP32Noris001Vaccine,5,3,3.0,21.1,82.5,43,28,14.1,0,TRANSPORTE_OK
2026-08-24 18:16:14+00:00,ESP32Noris001Vaccine,5,4,3.25,21.1,79.9,54,31,13.6,0,TRANSPORTE_OK
2026-08-24 18:16:15+00:00,ESP32Noris001Vaccine,5,5,3.5,21.6,79.9,45,27,14.3,0,TRANSPORTE_OK
2026-08-24 18:16:16+00:00,ESP32Noris001Vaccine,5,6,3.5,21.2,80.4,50,32,15.0,0,TRANSPORTE_OK
2026-08-24 18:16:17+00:00,ESP32Noris001Vaccine,5,7,3.5,21.4,74.6,51,30,16.6,0,TRANSPORTE_OK
2026-08-24 18:16:18+00:00,ESP32Noris001Vaccine,5,8,3.75,20.7,81.4,48,31,16.8,0,TRANSPORTE_OK
2026-08-24 18:16:19+00:00,ESP32Noris001Vaccine,5,9,3.75,21.0,80.9,44,30,16.8,0,TRANSPORTE_OK
2026-08-24 18:16:20+00:00,ESP32Noris001Vaccine,5,10,4.0,21.2,75.3,41,28,16.6,0,TRANSPORTE_OK
2026-08-24 18:16:21+00:00,ESP32Noris001Vaccine,5,11,3.5,20.8,75.8,53,28,16.5,0,TRANSPORTE_OK
2026-08-24 18:16:22+00:00,ESP32Noris001Vaccine,5,12,3.25,21.3,78.8,31,30,16.2,0,TRANSPORTE_OK
2026-08-24 18:16:23+00:00,ESP32Noris001Vaccine,5,13,3.5,21.4,82.3,41,29,16.6,0,TRANSPORTE_OK
2026-08-24 18:16:24+00:00,ESP32Noris001Vaccine,5,14,3.25,22.1,79.8,45,29,15.0,0,TRANSPORTE_OK
2026-08-24 18:16:25+00:00,ESP32Noris001Vaccine,5,15,3.25,21.8,76.9,35,30,14.8,0,TRANSPORTE_OK
2026-08-24 18:16:26+00:00,ESP32Noris001Vaccine,5,16,3.0,21.6,77.6,48,28,14.4,0,TRANSPORTE_OK
2026-08-24 18:16:27+00:00,ESP32Noris001Vaccine,5,17,3.0,21.9,75.4,43,29,13.9,0,TRANSPORTE_OK
2026-08-24 18:16:28+00:00,ESP32Noris001Vaccine,5,18,2.75,21.9,76.3,28,27,13.5,0,TRANSPORTE_OK
2026-08-24 18:16:29+00:00,ESP32Noris001Vaccine,5,19,2.75,21.9,80.2,31,31,13.6,0,TRANSPORTE_OK
2026-08-24 18:16:30+00:00,ESP32Noris001Vaccine,5,20,2.75,22.8,73.2,29,27,12.7,0,TRANSPORTE_OK
2026-08-24 18:16:31+00:00,ESP32Noris001Vaccine,5,21,2.75,23.3,74.4,31,29,13.6,0,TRANSPORTE_OK
2026-08-24 18:16:32+00:00,ESP32Noris001Vaccine,5,22,2.75,23.5,72.4,36,29,14.2,0,TRANSPORTE_OK
2026-08-24 18:16:33+00:00,ESP32Noris001Vaccine,5,23,2.5,24.3,74.2,56,29,13.1,0,TRANSPORTE_OK
2026-08-24 18:16:34+00:00,ESP32Noris001Vaccine,5,24,2.5,24.9,70.5,30,30,13.4,0,TRANSPORTE_OK
2026-08-24 18:16:35+00:00,ESP32Noris001Vaccine,5,25,2.5,25.7,72.9,35,27,13.3,0,TRANSPORTE_OK
2026-08-24 18:16:36+00:00,ESP32Noris001Vaccine,5,26,2.75,26.0,74.4,42,26,12.4,0,TRANSPORTE_OK
2026-08-24 18:16:37+00:00,ESP32Noris001Vaccine,5,27,2.5,26.6,69.6,34,29,13.0,0,TRANSPORTE_OK
2026-08-24 18:16:38+00:00,ESP32Noris001Vaccine,5,28,2.75,26.7,70.2,43,29,13.6,0,TRANSPORTE_OK
2026-08-24 18:16:39+00:00,ESP32Noris001Vaccine,5,29,2.5,26.4,67.4,35,28,11.8,0,TRANSPORTE_OK
2026-08-24 18:16:40+00:00,ESP32Noris001Vaccine,5,30,2.75,26.4,71.0,46,29,13.0,0,TRANSPORTE_OK
2026-08-24 18:16:41+00:00,ESP32Noris001Vaccine,5,31,3.0,25.8,68.1,46,30,12.9,0,TRANSPORTE_OK
2026-08-24 18:16:42+00:00,ESP32Noris001Vaccine,5,32,2.75,25.3,73.6,44,29,13.1,0,TRANSPORTE_OK
2026-08-24 18:16:43+00:00,ESP32Noris001Vaccine,5,33,3.0,24.8,70.4,45,29,12.9,0,TRANSPORTE_OK
2026-08-24 18:16:44+00:00,ESP32Noris001Vaccine,5,34,3.0,24.9,73.6,46,28,11.7,0,TRANSPORTE_OK
2026-08-24 18:16:45+00:00,ESP32Noris001Vaccine,5,35,3.25,24.8,66.5,37,31,10.8,0,TRANSPORTE_OK
2026-08-24 18:16:46+00:00,ESP32Noris001Vaccine,5,36,3.0,24.0,72.4,40,30,9.7,0,TRANSPORTE_OK
2026-08-24 18:16:47+00:00,ESP32Noris001Vaccine,5,37,3.25,23.8,77.7,40,30,9.9,0,TRANSPORTE_OK
2026-08-24 18:20:37+00:00,ESP32Noris001Vaccine,6,0,2.75,23.8,78.3,65,41,18.9,0,TRANSPORTE_OK
2026-08-24 18:20:38+00:00,ESP32Noris001Vaccine,6,1,2.75,23.9,74.2,65,38,19.5,0,TRANSPORTE_OK
2026-08-24 18:20:39+00:00,ESP32Noris001Vaccine,6,2,3.0,25.1,71.8,69,42,18.4,0,TRANSPORTE_OK
2026-08-24 18:20:40+00:00,ESP32Noris001Vaccine,6,3,3.0,25.1,73.5,70,42,18.6,0,TRANSPORTE_OK
2026-08-24 18:20:41+00:00,ESP32Noris001Vaccine,6,4,3.25,25.4,74.3,50,41,17.8,0,TRANSPORTE_OK
2026-08-24 18:20:42+00:00,ESP32Noris001Vaccine,6,5,3.5,26.0,74.7,58,43,17.4,0,TRANSPORTE_OK
2026-08-24 18:20:43+00:00,ESP32Noris001Vaccine,6,6,3.5,26.4,72.7,52,41,18.3,0,TRANSPORTE_OK
2026-08-24 18:20:44+00:00,ESP32Noris001Vaccine,6,7,3.5,26.3,72.8,54,39,17.3,0,TRANSPORTE_OK
2026-08-24 18:20:45+00:00,ESP32Noris001Vaccine,6,8,3.75,26.9,69.0,65,42,18.6,0,TRANSPORTE_OK
2026-08-24 18:20:46+00:00,ESP32Noris001Vaccine,6,9,3.5,26.9,72.7,53,40,18.7,0,TRANSPORTE_OK
2026-08-24 18:20:47+00:00,ESP32Noris001Vaccine,6,10,3.5,26.8,70.6,59,42,16.2,0,TRANSPORTE_OK
2026-08-24 18:20:48+00:00,ESP32Noris001Vaccine,6,11,3.5,27.2,71.4,51,39,17.6,0,TRANSPORTE_OK
2026-08-24 18:20:49+00:00,ESP32Noris001Vaccine,6,12,3.25,27.0,72.7,49,41,17.2,0,TRANSPORTE_OK
2026-08-24 18:20:50+00:00,ESP32Noris001Vaccine,6,13,3.0,26.8,71.4,53,37,16.8,0,TRANSPORTE_OK
2026-08-24 18:20:51+00:00,ESP32Noris001Vaccine,6,14,2.75,27.0,72.7,61,45,17.0,0,TRANSPORTE_OK
2026-08-24 18:20:52+00:00,ESP32Noris001Vaccine,6,15,2.75,27.1,70.1,52,38,16.6,0,TRANSPORTE_OK
2026-08-24 18:20:53+00:00,ESP32Noris001Vaccine,6,16,2.5,27.2,72.9,49,37,15.4,0,TRANSPORTE_OK
2026-08-24 18:20:54+00:00,ESP32Noris001Vaccine,6,17,2.5,26.7,73.7,50,39,17.2,0,TRANSPORTE_OK
2026-08-24 18:20:55+00:00,ESP32Noris001Vaccine,6,18,2.75,26.1,72.8,47,38,17.0,0,TRANSPORTE_OK
2026-08-24 18:20:56+00:00,ESP32Noris001Vaccine,6,19,2.75,25.9,69.1,51,39,16.3,0,TRANSPORTE_OK
2026-08-24 18:20:57+00:00,ESP32Noris001Vaccine,6,20,3.0,25.6,71.2,62,41,16.1,0,TRANSPORTE_OK
2026-08-24 18:20:58+00:00,ESP32Noris001Vaccine,6,21,3.0,24.9,70.6,48,42,15.5,0,TRANSPORTE_OK
2026-08-24 18:20:59+00:00,ESP32Noris001Vaccine,6,22,3.5,24.8,70.9,74,37,15.0,0,TRANSPORTE_OK
2026-08-24 18:21:00+00:00,ESP32Noris001Vaccine,6,23,3.5,24.1,74.0,69,41,15.4,0,TRANSPORTE_OK
2026-08-24 18:21:01+00:00,ESP32Noris001Vaccine,6,24,3.5,23.5,78.3,61,40,16.3,0,TRANSPORTE_OK
2026-08-24 18:21:02+00:00,ESP32Noris001Vaccine,6,25,4.25,23.7,78.9,63,38,14.4,0,TRANSPORTE_OK
2026-08-24 18:21:03+00:00,ESP32Noris001Vaccine,6,26,3.75,23.7,80.8,60,41,16.1,0,TRANSPORTE_OK
2026-08-24 18:21:04+00:00,ESP32Noris001Vaccine,6,27,4.0,24.1,73.8,60,37,14.6,0,TRANSPORTE_OK
2026-08-24 18:21:05+00:00,ESP32Noris001Vaccine,6,28,4.0,23.8,74.7,61,40,14.1,0,TRANSPORTE_OK
2026-08-24 18:21:06+00:00,ESP32Noris001Vaccine,6,29,3.75,23.8,74.2,68,41,15.3,0,TRANSPORTE_OK
2026-08-24 18:21:07+00:00,ESP32Noris001Vaccine,6,30,3.75,24.4,73.0,38,38,15.7,0,TRANSPORTE_OK
2026-08-24 18:21:08+00:00,ESP32Noris001Vaccine,6,31,3.5,24.5,76.4,36,38,16.2,0,TRANSPORTE_OK
2026-08-24 18:21:09+00:00,ESP32Noris001Vaccine,6,32,3.5,24.5,78.3,39,38,16.5,0,TRANSPORTE_OK
2026-08-24 18:21:10+00:00,ESP32Noris001Vaccine,6,33,3.5,24.7,75.1,37,42,15.0,0,TRANSPORTE_OK
2026-08-24 18:24:31+00:00,ESP32Noris001Vaccine,7,0,5.0,24.6,72.2,96,77,14.2,0,TRANSPORTE_OK
2026-08-24 18:24:32+00:00,ESP32Noris001Vaccine,7,1,5.25,24.0,75.0,97,75,15.7,0,TRANSPORTE_OK
2026-08-24 18:24:33+00:00,ESP32Noris001Vaccine,7,2,5.0,23.5,75.1,85,75,15.6,0,TRANSPORTE_OK
2026-08-24 18:24:34+00:00,ESP32Noris001Vaccine,7,3,5.25,23.5,72.4,67,77,14.5,0,TRANSPORTE_OK
2026-08-24 18:24:35+00:00,ESP32Noris001Vaccine,7,4,5.25,23.1,78.1,78,80,13.9,0,TRANSPORTE_OK
2026-08-24 18:24:36+00:00,ESP32Noris001Vaccine,7,5,5.25,22.6,74.1,74,78,14.2,0,TRANSPORTE_OK
2026-08-24 18:24:37+00:00,ESP32Noris001Vaccine,7,6,5.0,21.8,78.9,60,79,15.0,0,TRANSPORTE_OK
2026-08-24 18:24:38+00:00,ESP32Noris001Vaccine,7,7,5.25,22.1,77.0,56,78,13.5,0,TRANSPORTE_OK
2026-08-24 18:24:39+00:00,ESP32Noris001Vaccine,7,8,5.25,21.0,78.8,51,76,13.3,0,TRANSPORTE_OK
2026-08-24 18:24:40+00:00,ESP32Noris001Vaccine,7,9,5.25,21.8,77.3,41,79,13.0,0,TRANSPORTE_OK
2026-08-24 18:24:41+00:00,ESP32Noris001Vaccine,7,10,5.25,20.7,82.7,45,79,12.9,0,TRANSPORTE_OK
2026-08-24 18:24:42+00:00,ESP32Noris001Vaccine,7,11,5.5,21.3,79.7,30,78,13.2,0,TRANSPORTE_OK
2026-08-24 18:24:43+00:00,ESP32Noris001Vaccine,7,12,5.25,22.0,76.3,50,75,12.1,0,TRANSPORTE_OK
2026-08-24 18:24:44+00:00,ESP32Noris001Vaccine,7,13,5.25,22.8,73.5,60,80,12.1,0,TRANSPORTE_OK
2026-08-24 18:24:45+00:00,ESP32Noris001Vaccine,7,14,5.25,23.2,71.7,46,79,11.8,0,TRANSPORTE_OK
2026-08-24 18:24:46+00:00,ESP32Noris001Vaccine,7,15,5.0,23.7,77.7,57,78,12.6,0,TRANSPORTE_OK
2026-08-24 18:24:47+00:00,ESP32Noris001Vaccine,7,16,5.0,24.1,73.3,63,82,13.2,0,TRANSPORTE_OK
2026-08-24 18:24:48+00:00,ESP32Noris001Vaccine,7,17,5.25,24.7,74.3,49,79,11.7,0,TRANSPORTE_OK
2026-08-24 18:24:49+00:00,ESP32Noris001Vaccine,7,18,5.0,25.6,71.8,64,75,11.8,0,TRANSPORTE_OK
2026-08-24 18:24:50+00:00,ESP32Noris001Vaccine,7,19,5.0,26.5,68.0,56,79,12.5,0,TRANSPORTE_OK
2026-08-24 18:24:51+00:00,ESP32Noris001Vaccine,7,20,4.75,27.1,69.3,52,77,12.1,0,TRANSPORTE_OK
2026-08-24 18:24:52+00:00,ESP32Noris001Vaccine,7,21,4.75,27.7,73.9,62,77,11.9,0,TRANSPORTE_OK
2026-08-24 18:24:53+00:00,ESP32Noris001Vaccine,7,22,4.75,27.3,74.7,62,79,11.8,0,TRANSPORTE_OK
2026-08-24 18:24:54+00:00,ESP32Noris001Vaccine,7,23,4.75,27.4,72.2,63,78,11.5,0,TRANSPORTE_OK
2026-08-24 18:24:55+00:00,ESP32Noris001Vaccine,7,24,5.25,27.1,68.5,61,76,12.6,0,TRANSPORTE_OK
2026-08-24 18:24:56+00:00,ESP32Noris001Vaccine,7,25,5.0,26.6,70.6,65,75,13.7,0,TRANSPORTE_OK
2026-08-24 18:24:57+00:00,ESP32Noris001Vaccine,7,26,5.0,26.3,67.9,67,77,12.0,0,TRANSPORTE_OK
2026-08-24 18:24:58+00:00,ESP32Noris001Vaccine,7,27,5.25,25.7,70.9,72,76,13.2,0,TRANSPORTE_OK
2026-08-24 18:24:59+00:00,ESP32Noris001Vaccine,7,28,5.25,25.4,69.1,68,75,13.3,0,TRANSPORTE_OK
2026-08-24 18:25:00+00:00,ESP32Noris001Vaccine,7,29,5.25,25.7,73.2,91,80,13.5,0,TRANSPORTE_OK
2026-08-24 18:25:01+00:00,ESP32Noris001Vaccine,7,30,5.25,25.0,74.2,78,81,14.5,0,TRANSPORTE_OK
2026-08-24 18:25:02+00:00,ESP32Noris001Vaccine,7,31,5.25,24.5,74.9,89,76,14.5,0,TRANSPORTE_OK
2026-08-24 18:25:03+00:00,ESP32Noris001Vaccine,7,32,5.25,24.6,75.1,83,81,13.8,0,TRANSPORTE_OK
2026-08-24 18:25:04+00:00,ESP32Noris001Vaccine,7,33,5.5,24.4,74.0,87,76,12.7,0,TRANSPORTE_OK
2026-08-24 18:25:05+00:00,ESP32Noris001Vaccine,7,34,5.25,24.1,75.1,79,79,12.7,0,TRANSPORTE_OK
2026-08-24 18:25:06+00:00,ESP32Noris001Vaccine,7,35,5.5,23.9,73.9,81,77,12.9,0,TRANSPORTE_OK
2026-08-24 18:25:07+00:00,ESP32Noris001Vaccine,7,36,5.25,24.0,74.5,68,79,11.4,0,TRANSPORTE_OK
2026-08-24 18:25:08+00:00,ESP32Noris001Vaccine,7,37,5.5,23.3,75.5,51,75,11.4,0,TRANSPORTE_OK
2026-08-24 18:25:09+00:00,ESP32Noris001Vaccine,7,38,5.25,22.9,77.5,52,75,12.6,0,TRANSPORTE_OK
2026-08-24 18:25:10+00:00,ESP32Noris001Vaccine,7,39,5.5,22.8,76.0,48,78,11.9,0,TRANSPORTE_OK
2026-08-24 18:25:11+00:00,ESP32Noris001Vaccine,7,40,5.5,22.5,80.0,42,76,11.3,0,TRANSPORTE_OK
2026-08-24 18:25:12+00:00,ESP32Noris001Vaccine,7,41,5.5,22.1,76.9,47,76,11.0,0,TRANSPORTE_OK
2026-08-24 18:25:13+00:00,ESP32Noris001Vaccine,7,42,5.5,22.4,76.2,33,77,10.5,0,TRANSPORTE_OK
2026-08-24 18:27:38+00:00,ESP32Noris001Vaccine,8,0,5.5,26.5,71.4,69,78,16.2,0,TRANSPORTE_OK
2026-08-24 18:27:39+00:00,ESP32Noris001Vaccine,8,1,5.5,26.7,69.0,82,78,16.9,0,TRANSPORTE_OK
2026-08-24 18:27:40+00:00,ESP32Noris001Vaccine,8,2,5.5,26.7,70.1,67,79,16.7,0,TRANSPORTE_OK
2026-08-24 18:27:41+00:00,ESP32Noris001Vaccine,8,3,5.5,26.8,72.3,68,79,15.4,0,TRANSPORTE_OK
2026-08-24 18:27:42+00:00,ESP32Noris001Vaccine,8,4,5.0,26.8,68.1,83,78,16.2,0,TRANSPORTE_OK
2026-08-24 18:27:43+00:00,ESP32Noris001Vaccine,8,5,5.25,27.7,66.4,72,81,16.3,0,TRANSPORTE_OK
2026-08-24 18:27:44+00:00,ESP32Noris001Vaccine,8,6,5.0,27.4,67.6,83,78,16.0,0,TRANSPORTE_OK
2026-08-24 18:27:45+00:00,ESP32Noris001Vaccine,8,7,5.0,28.0,70.6,83,78,16.9,0,TRANSPORTE_OK
2026-08-24 18:27:46+00:00,ESP32Noris001Vaccine,8,8,5.0,27.7,67.5,92,79,17.2,0,TRANSPORTE_OK
2026-08-24 18:27:47+00:00,ESP32Noris001Vaccine,8,9,5.0,27.5,66.9,81,75,16.2,0,TRANSPORTE_OK
2026-08-24 18:27:48+00:00,ESP32Noris001Vaccine,8,10,5.0,27.6,73.2,85,79,17.0,0,TRANSPORTE_OK
2026-08-24 18:27:49+00:00,ESP32Noris001Vaccine,8,11,5.0,26.2,71.8,65,75,17.2,0,TRANSPORTE_OK
2026-08-24 18:27:50+00:00,ESP32Noris001Vaccine,8,12,5.0,26.1,72.3,73,82,18.4,0,TRANSPORTE_OK
2026-08-24 18:27:51+00:00,ESP32Noris001Vaccine,8,13,5.25,25.2,70.5,71,76,18.9,0,TRANSPORTE_OK
2026-08-24 18:27:52+00:00,ESP32Noris001Vaccine,8,14,5.25,24.7,75.1,62,76,18.5,0,TRANSPORTE_OK
2026-08-24 18:27:53+00:00,ESP32Noris001Vaccine,8,15,5.25,24.5,74.2,54,76,18.3,0,TRANSPORTE_OK
2026-08-24 18:27:54+00:00,ESP32Noris001Vaccine,8,16,5.25,23.2,73.1,59,80,18.0,0,TRANSPORTE_OK
2026-08-24 18:27:55+00:00,ESP32Noris001Vaccine,8,17,5.25,23.7,75.9,60,77,18.3,0,TRANSPORTE_OK
2026-08-24 18:27:56+00:00,ESP32Noris001Vaccine,8,18,5.25,24.2,76.5,58,79,18.0,0,TRANSPORTE_OK
2026-08-24 18:27:57+00:00,ESP32Noris001Vaccine,8,19,5.25,24.7,71.2,62,80,16.8,0,TRANSPORTE_OK
2026-08-24 18:27:58+00:00,ESP32Noris001Vaccine,8,20,5.25,24.8,69.3,59,79,16.4,0,TRANSPORTE_OK
2026-08-24 18:27:59+00:00,ESP32Noris001Vaccine,8,21,5.25,25.9,70.6,61,81,16.2,0,TRANSPORTE_OK
2026-08-24 18:28:00+00:00,ESP32Noris001Vaccine,8,22,5.0,26.3,73.6,69,79,15.2,0,TRANSPORTE_OK
2026-08-24 18:28:01+00:00,ESP32Noris001Vaccine,8,23,5.0,27.0,70.2,72,80,15.0,0,TRANSPORTE_OK
2026-08-24 18:28:02+00:00,ESP32Noris001Vaccine,8,24,5.0,27.3,66.6,78,78,14.6,0,TRANSPORTE_OK
2026-08-24 18:28:03+00:00,ESP32Noris001Vaccine,8,25,5.25,27.3,72.4,63,78,13.8,0,TRANSPORTE_OK
2026-08-24 18:28:04+00:00,ESP32Noris001Vaccine,8,26,5.0,26.9,67.9,64,79,13.2,0,TRANSPORTE_OK
2026-08-24 18:28:05+00:00,ESP32Noris001Vaccine,8,27,5.0,26.3,71.4,68,80,13.2,0,TRANSPORTE_OK
2026-08-24 18:28:06+00:00,ESP32Noris001Vaccine,8,28,4.75,26.2,73.9,70,79,14.1,0,TRANSPORTE_OK
2026-08-24 18:28:07+00:00,ESP32Noris001Vaccine,8,29,4.75,25.8,71.1,64,80,12.8,0,TRANSPORTE_OK
2026-08-24 18:28:08+00:00,ESP32Noris001Vaccine,8,30,4.5,25.5,76.5,47,81,12.4,0,TRANSPORTE_OK
2026-08-24 18:28:09+00:00,ESP32Noris001Vaccine,8,31,4.75,25.2,76.1,41,81,13.3,0,TRANSPORTE_OK
2026-08-24 18:28:10+00:00,ESP32Noris001Vaccine,8,32,4.5,24.4,70.5,34,79,13.0,0,TRANSPORTE_OK
2026-08-24 18:28:11+00:00,ESP32Noris001Vaccine,8,33,4.25,24.5,70.1,32,78,13.0,0,TRANSPORTE_OK
2026-08-24 18:32:14+00:00,ESP32Noris001Vaccine,9,0,6.75,36.1,56.7,87,32,13.5,0,AMBIENTE_HOSTIL
2026-08-24 18:32:15+00:00,ESP32Noris001Vaccine,9,1,6.5,36.4,53.9,85,31,14.0,0,AMBIENTE_HOSTIL
2026-08-24 18:32:16+00:00,ESP32Noris001Vaccine,9,2,6.5,36.5,59.5,86,31,13.3,0,AMBIENTE_HOSTIL
2026-08-24 18:32:17+00:00,ESP32Noris001Vaccine,9,3,6.5,36.1,60.7,82,34,11.4,0,AMBIENTE_HOSTIL
2026-08-24 18:32:18+00:00,ESP32Noris001Vaccine,9,4,6.25,35.7,56.6,83,30,12.3,0,AMBIENTE_HOSTIL
2026-08-24 18:32:19+00:00,ESP32Noris001Vaccine,9,5,6.25,35.6,57.6,80,29,13.8,0,AMBIENTE_HOSTIL
2026-08-24 18:32:20+00:00,ESP32Noris001Vaccine,9,6,6.0,35.4,55.5,76,33,12.1,0,AMBIENTE_HOSTIL
2026-08-24 18:32:21+00:00,ESP32Noris001Vaccine,9,7,6.0,36.0,52.8,85,32,11.5,0,AMBIENTE_HOSTIL
2026-08-24 18:32:22+00:00,ESP32Noris001Vaccine,9,8,5.75,36.1,58.1,85,31,11.3,0,AMBIENTE_HOSTIL
2026-08-24 18:32:23+00:00,ESP32Noris001Vaccine,9,9,5.5,35.6,59.0,82,30,12.4,0,AMBIENTE_HOSTIL
2026-08-24 18:32:24+00:00,ESP32Noris001Vaccine,9,10,5.5,35.4,61.4,61,32,13.1,0,AMBIENTE_HOSTIL
2026-08-24 18:32:25+00:00,ESP32Noris001Vaccine,9,11,5.5,35.5,58.5,63,31,11.7,0,AMBIENTE_HOSTIL
2026-08-24 18:32:26+00:00,ESP32Noris001Vaccine,9,12,5.5,35.6,57.5,57,31,12.0,0,AMBIENTE_HOSTIL
2026-08-24 18:32:27+00:00,ESP32Noris001Vaccine,9,13,5.25,36.1,57.7,62,31,13.7,0,AMBIENTE_HOSTIL
2026-08-24 18:32:28+00:00,ESP32Noris001Vaccine,9,14,5.25,36.3,59.1,62,32,12.1,0,AMBIENTE_HOSTIL
2026-08-24 18:32:29+00:00,ESP32Noris001Vaccine,9,15,5.0,36.3,55.0,63,32,12.2,0,AMBIENTE_HOSTIL
2026-08-24 18:32:30+00:00,ESP32Noris001Vaccine,9,16,5.25,36.7,56.1,62,30,12.4,0,AMBIENTE_HOSTIL
2026-08-24 18:32:31+00:00,ESP32Noris001Vaccine,9,17,5.0,36.6,54.5,63,33,13.9,0,AMBIENTE_HOSTIL
2026-08-24 18:32:32+00:00,ESP32Noris001Vaccine,9,18,4.75,37.5,54.0,52,31,14.4,0,AMBIENTE_HOSTIL
2026-08-24 18:32:33+00:00,ESP32Noris001Vaccine,9,19,5.0,37.7,57.2,54,32,13.3,0,AMBIENTE_HOSTIL
2026-08-24 18:32:34+00:00,ESP32Noris001Vaccine,9,20,4.75,37.4,57.2,52,33,13.7,0,AMBIENTE_HOSTIL
2026-08-24 18:32:35+00:00,ESP32Noris001Vaccine,9,21,4.75,37.9,51.2,49,31,13.8,0,AMBIENTE_HOSTIL
2026-08-24 18:32:36+00:00,ESP32Noris001Vaccine,9,22,5.0,37.6,52.5,50,32,13.5,0,AMBIENTE_HOSTIL
2026-08-24 18:32:37+00:00,ESP32Noris001Vaccine,9,23,5.25,37.4,57.2,55,34,13.2,0,AMBIENTE_HOSTIL
2026-08-24 18:32:38+00:00,ESP32Noris001Vaccine,9,24,5.0,36.4,57.7,58,28,12.7,0,AMBIENTE_HOSTIL
2026-08-24 18:32:39+00:00,ESP32Noris001Vaccine,9,25,5.25,36.1,56.4,65,30,12.1,0,AMBIENTE_HOSTIL
2026-08-24 18:32:40+00:00,ESP32Noris001Vaccine,9,26,5.25,36.3,59.3,74,31,13.0,0,AMBIENTE_HOSTIL
2026-08-24 18:32:41+00:00,ESP32Noris001Vaccine,9,27,5.5,35.6,58.8,66,30,12.1,0,AMBIENTE_HOSTIL
2026-08-24 18:32:42+00:00,ESP32Noris001Vaccine,9,28,5.75,35.7,59.7,70,30,12.1,0,AMBIENTE_HOSTIL
2026-08-24 18:32:43+00:00,ESP32Noris001Vaccine,9,29,5.75,35.4,56.9,78,32,12.2,0,AMBIENTE_HOSTIL
2026-08-24 18:32:44+00:00,ESP32Noris001Vaccine,9,30,6.0,35.2,59.2,66,29,11.2,0,AMBIENTE_HOSTIL
2026-08-24 18:32:45+00:00,ESP32Noris001Vaccine,9,31,6.25,34.7,61.9,73,30,11.0,0,AMBIENTE_HOSTIL
2026-08-24 18:32:46+00:00,ESP32Noris001Vaccine,9,32,6.25,34.8,62.5,87,31,10.1,0,AMBIENTE_HOSTIL
2026-08-24 18:32:47+00:00,ESP32Noris001Vaccine,9,33,5.75,34.9,59.4,65,26,10.2,0,AMBIENTE_HOSTIL
2026-08-24 18:32:48+00:00,ESP32Noris001Vaccine,9,34,5.25,34.5,63.0,80,32,11.2,0,AMBIENTE_HOSTIL
2026-08-24 18:32:49+00:00,ESP32Noris001Vaccine,9,35,5.0,34.7,61.9,85,32,10.7,0,AMBIENTE_HOSTIL
2026-08-24 18:32:50+00:00,ESP32Noris001Vaccine,9,36,4.75,35.3,59.6,71,32,10.9,0,AMBIENTE_HOSTIL
2026-08-24 18:32:51+00:00,ESP32Noris001Vaccine,9,37,4.25,35.2,56.4,80,32,10.9,0,AMBIENTE_HOSTIL
2026-08-24 18:32:52+00:00,ESP32Noris001Vaccine,9,38,4.0,35.4,57.4,91,32,11.4,0,AMBIENTE_HOSTIL
2026-08-24 18:32:53+00:00,ESP32Noris001Vaccine,9,39,3.5,35.7,56.3,75,32,11.3,0,AMBIENTE_HOSTIL
2026-08-24 18:32:54+00:00,ESP32Noris001Vaccine,9,40,3.5,35.5,55.9,73,30,10.9,0,AMBIENTE_HOSTIL
2026-08-24 18:32:55+00:00,ESP32Noris001Vaccine,9,41,3.0,35.8,59.3,86,31,11.2,0,AMBIENTE_HOSTIL
2026-08-24 18:32:56+00:00,ESP32Noris001Vaccine,9,42,2.75,36.0,59.5,92,34,10.7,0,AMBIENTE_HOSTIL
2026-08-24 18:35:56+00:00,ESP32Noris001Vaccine,10,0,5.5,37.7,52.4,34,83,17.3,0,AMBIENTE_HOSTIL
2026-08-24 18:35:57+00:00,ESP32Noris001Vaccine,10,1,5.5,37.3,60.2,46,82,17.6,0,AMBIENTE_HOSTIL
2026-08-24 18:35:58+00:00,ESP32Noris001Vaccine,10,2,5.25,37.6,53.6,53,83,16.3,0,AMBIENTE_HOSTIL
2026-08-24 18:35:59+00:00,ESP32Noris001Vaccine,10,3,5.0,37.7,53.8,46,84,17.0,0,AMBIENTE_HOSTIL
2026-08-24 18:36:00+00:00,ESP32Noris001Vaccine,10,4,5.25,37.7,57.0,57,84,15.8,0,AMBIENTE_HOSTIL
2026-08-24 18:36:01+00:00,ESP32Noris001Vaccine,10,5,5.25,38.7,55.2,70,82,15.9,0,AMBIENTE_HOSTIL
2026-08-24 18:36:02+00:00,ESP32Noris001Vaccine,10,6,5.0,38.7,51.7,59,81,15.6,0,AMBIENTE_HOSTIL
2026-08-24 18:36:03+00:00,ESP32Noris001Vaccine,10,7,5.0,38.9,51.4,65,81,15.9,0,AMBIENTE_HOSTIL
2026-08-24 18:36:04+00:00,ESP32Noris001Vaccine,10,8,4.75,39.4,51.0,69,80,16.0,0,AMBIENTE_HOSTIL
2026-08-24 18:36:05+00:00,ESP32Noris001Vaccine,10,9,4.75,39.8,55.5,82,80,14.9,0,AMBIENTE_HOSTIL
2026-08-24 18:36:06+00:00,ESP32Noris001Vaccine,10,10,4.75,38.9,59.1,79,83,16.1,0,AMBIENTE_HOSTIL
2026-08-24 18:36:07+00:00,ESP32Noris001Vaccine,10,11,4.75,39.0,50.3,78,80,14.7,0,AMBIENTE_HOSTIL
2026-08-24 18:36:08+00:00,ESP32Noris001Vaccine,10,12,4.75,38.5,55.1,75,80,15.2,0,AMBIENTE_HOSTIL
2026-08-24 18:36:09+00:00,ESP32Noris001Vaccine,10,13,5.0,38.0,59.6,78,84,13.8,0,AMBIENTE_HOSTIL
2026-08-24 18:36:10+00:00,ESP32Noris001Vaccine,10,14,5.0,37.7,52.0,76,81,14.0,0,AMBIENTE_HOSTIL
2026-08-24 18:36:11+00:00,ESP32Noris001Vaccine,10,15,5.25,37.0,58.3,79,84,14.3,0,AMBIENTE_HOSTIL
2026-08-24 18:36:12+00:00,ESP32Noris001Vaccine,10,16,5.0,36.4,58.7,89,82,13.2,0,AMBIENTE_HOSTIL
2026-08-24 18:36:13+00:00,ESP32Noris001Vaccine,10,17,5.25,36.3,55.8,90,83,12.6,0,AMBIENTE_HOSTIL
2026-08-24 18:36:14+00:00,ESP32Noris001Vaccine,10,18,5.25,35.5,56.1,89,84,13.2,0,AMBIENTE_HOSTIL
2026-08-24 18:36:15+00:00,ESP32Noris001Vaccine,10,19,5.25,35.3,62.3,92,81,11.2,0,AMBIENTE_HOSTIL
2026-08-24 18:36:16+00:00,ESP32Noris001Vaccine,10,20,5.0,36.1,56.3,80,83,11.9,0,AMBIENTE_HOSTIL
2026-08-24 18:36:17+00:00,ESP32Noris001Vaccine,10,21,5.0,35.3,53.4,76,82,12.2,0,AMBIENTE_HOSTIL
2026-08-24 18:36:18+00:00,ESP32Noris001Vaccine,10,22,5.0,35.4,57.6,78,80,13.5,0,AMBIENTE_HOSTIL
2026-08-24 18:36:19+00:00,ESP32Noris001Vaccine,10,23,5.0,35.3,60.4,79,82,13.7,0,AMBIENTE_HOSTIL
2026-08-24 18:36:20+00:00,ESP32Noris001Vaccine,10,24,4.75,35.4,61.2,58,80,14.1,0,AMBIENTE_HOSTIL
2026-08-24 18:36:21+00:00,ESP32Noris001Vaccine,10,25,4.75,35.4,55.2,54,81,13.8,0,AMBIENTE_HOSTIL
2026-08-24 18:36:22+00:00,ESP32Noris001Vaccine,10,26,4.5,35.3,59.0,52,83,13.9,0,AMBIENTE_HOSTIL
2026-08-24 18:36:23+00:00,ESP32Noris001Vaccine,10,27,4.75,35.5,55.6,45,78,14.2,0,AMBIENTE_HOSTIL
2026-08-24 18:36:24+00:00,ESP32Noris001Vaccine,10,28,4.5,35.2,59.1,42,84,16.2,0,AMBIENTE_HOSTIL
2026-08-24 18:36:25+00:00,ESP32Noris001Vaccine,10,29,4.75,35.2,59.3,45,80,15.3,0,AMBIENTE_HOSTIL
2026-08-24 18:36:26+00:00,ESP32Noris001Vaccine,10,30,4.75,35.1,57.2,54,82,15.8,0,AMBIENTE_HOSTIL
2026-08-24 18:36:27+00:00,ESP32Noris001Vaccine,10,31,4.5,35.2,56.5,41,81,15.4,0,AMBIENTE_HOSTIL
2026-08-24 18:36:28+00:00,ESP32Noris001Vaccine,10,32,4.75,35.5,62.0,26,82,16.1,0,AMBIENTE_HOSTIL
2026-08-24 18:36:29+00:00,ESP32Noris001Vaccine,10,33,4.75,35.7,55.1,48,82,16.3,0,AMBIENTE_HOSTIL
2026-08-24 18:36:30+00:00,ESP32Noris001Vaccine,10,34,4.75,35.6,59.2,47,80,15.9,0,AMBIENTE_HOSTIL
2026-08-24 18:36:31+00:00,ESP32Noris001Vaccine,10,35,4.75,35.9,58.4,46,83,16.8,0,AMBIENTE_HOSTIL
2026-08-24 18:36:32+00:00,ESP32Noris001Vaccine,10,36,5.0,35.7,58.0,33,80,15.0,0,AMBIENTE_HOSTIL
2026-08-24 18:36:33+00:00,ESP32Noris001Vaccine,10,37,5.0,35.2,58.8,46,83,17.5,0,AMBIENTE_HOSTIL
2026-08-24 18:36:34+00:00,ESP32Noris001Vaccine,10,38,5.25,35.2,60.6,46,82,17.3,0,AMBIENTE_HOSTIL
2026-08-24 18:40:45+00:00,ESP32Noris001Vaccine,11,0,5.0,21.1,77.1,604,39,67.9,0,TRANSPORTE_OK
2026-08-24 18:40:46+00:00,ESP32Noris001Vaccine,11,1,5.0,21.5,78.1,598,39,65.5,0,TRANSPORTE_OK
2026-08-24 18:40:47+00:00,ESP32Noris001Vaccine,11,2,5.0,22.6,78.2,564,42,64.4,0,TRANSPORTE_OK
2026-08-24 18:40:48+00:00,ESP32Noris001Vaccine,11,3,5.25,23.2,75.9,495,41,60.8,0,TRANSPORTE_OK
2026-08-24 18:40:49+00:00,ESP32Noris001Vaccine,11,4,5.25,23.8,75.8,558,34,60.2,0,TRANSPORTE_OK
2026-08-24 18:40:50+00:00,ESP32Noris001Vaccine,11,5,5.5,24.3,75.8,500,39,57.9,0,TRANSPORTE_OK
2026-08-24 18:40:51+00:00,ESP32Noris001Vaccine,11,6,5.5,25.5,71.8,508,43,55.9,0,TRANSPORTE_OK
2026-08-24 18:40:52+00:00,ESP32Noris001Vaccine,11,7,5.5,26.5,72.2,470,41,53.3,0,TRANSPORTE_OK
2026-08-24 18:40:53+00:00,ESP32Noris001Vaccine,11,8,5.5,27.3,72.6,497,43,51.1,0,TRANSPORTE_OK
2026-08-24 18:40:54+00:00,ESP32Noris001Vaccine,11,9,5.75,27.9,72.0,666,38,49.2,0,TRANSPORTE_OK
2026-08-24 18:40:55+00:00,ESP32Noris001Vaccine,11,10,5.75,28.3,68.0,565,41,47.3,0,TRANSPORTE_OK
2026-08-24 18:40:56+00:00,ESP32Noris001Vaccine,11,11,5.5,27.9,67.3,529,38,46.3,0,TRANSPORTE_OK
2026-08-24 18:40:57+00:00,ESP32Noris001Vaccine,11,12,5.0,27.2,68.0,461,41,47.1,0,TRANSPORTE_OK
2026-08-24 18:40:58+00:00,ESP32Noris001Vaccine,11,13,4.75,27.5,69.1,450,41,45.9,0,TRANSPORTE_OK
2026-08-24 18:40:59+00:00,ESP32Noris001Vaccine,11,14,4.75,26.8,70.9,525,39,43.4,0,TRANSPORTE_OK
2026-08-24 18:41:00+00:00,ESP32Noris001Vaccine,11,15,4.25,26.8,71.5,371,41,44.1,0,TRANSPORTE_OK
2026-08-24 18:41:01+00:00,ESP32Noris001Vaccine,11,16,4.0,26.6,72.1,413,37,43.0,0,TRANSPORTE_OK
2026-08-24 18:41:02+00:00,ESP32Noris001Vaccine,11,17,4.0,26.2,71.0,290,37,42.8,0,TRANSPORTE_OK
2026-08-24 18:41:03+00:00,ESP32Noris001Vaccine,11,18,3.5,25.8,72.7,243,40,42.5,0,TRANSPORTE_OK
2026-08-24 18:41:04+00:00,ESP32Noris001Vaccine,11,19,3.5,25.5,73.7,224,41,42.0,0,TRANSPORTE_OK
2026-08-24 18:41:05+00:00,ESP32Noris001Vaccine,11,20,3.25,25.5,68.9,252,42,41.0,0,TRANSPORTE_OK
2026-08-24 18:41:06+00:00,ESP32Noris001Vaccine,11,21,3.75,25.9,73.6,269,37,41.6,0,TRANSPORTE_OK
2026-08-24 18:41:07+00:00,ESP32Noris001Vaccine,11,22,4.0,25.8,71.1,269,38,43.2,0,TRANSPORTE_OK
2026-08-24 18:41:08+00:00,ESP32Noris001Vaccine,11,23,4.25,26.7,74.7,281,38,41.8,0,TRANSPORTE_OK
2026-08-24 18:41:09+00:00,ESP32Noris001Vaccine,11,24,4.5,27.1,67.1,271,39,42.7,0,TRANSPORTE_OK
2026-08-24 18:41:10+00:00,ESP32Noris001Vaccine,11,25,4.75,27.6,68.8,436,41,43.1,0,TRANSPORTE_OK
2026-08-24 18:41:11+00:00,ESP32Noris001Vaccine,11,26,5.0,27.9,70.4,397,40,44.3,0,TRANSPORTE_OK
2026-08-24 18:41:12+00:00,ESP32Noris001Vaccine,11,27,5.25,28.1,65.3,393,41,43.6,0,TRANSPORTE_OK
2026-08-24 18:41:13+00:00,ESP32Noris001Vaccine,11,28,5.75,28.2,66.0,370,37,43.8,0,TRANSPORTE_OK
2026-08-24 18:41:14+00:00,ESP32Noris001Vaccine,11,29,5.75,28.6,70.0,377,39,44.4,0,TRANSPORTE_OK
2026-08-24 18:41:15+00:00,ESP32Noris001Vaccine,11,30,6.0,28.2,65.7,365,40,45.2,0,TRANSPORTE_OK
2026-08-24 18:41:16+00:00,ESP32Noris001Vaccine,11,31,5.75,27.4,72.7,343,38,45.8,0,TRANSPORTE_OK
2026-08-24 18:41:17+00:00,ESP32Noris001Vaccine,11,32,5.5,26.8,73.7,388,38,46.2,0,TRANSPORTE_OK
2026-08-24 18:41:18+00:00,ESP32Noris001Vaccine,11,33,5.25,26.2,69.0,290,39,45.2,0,TRANSPORTE_OK
2026-08-24 18:41:19+00:00,ESP32Noris001Vaccine,11,34,5.0,25.5,70.0,278,38,46.2,0,TRANSPORTE_OK
2026-08-24 18:41:20+00:00,ESP32Noris001Vaccine,11,35,4.75,24.4,71.8,343,38,47.0,0,TRANSPORTE_OK
2026-08-24 18:41:21+00:00,ESP32Noris001Vaccine,11,36,4.5,23.8,73.6,338,36,46.7,0,TRANSPORTE_OK
2026-08-24 18:41:22+00:00,ESP32Noris001Vaccine,11,37,4.25,23.0,74.2,336,36,48.3,0,TRANSPORTE_OK
2026-08-24 18:41:23+00:00,ESP32Noris001Vaccine,11,38,4.0,22.6,76.4,215,40,47.6,0,TRANSPORTE_OK
2026-08-24 18:41:24+00:00,ESP32Noris001Vaccine,11,39,3.75,21.6,82.2,287,39,48.6,0,TRANSPORTE_OK
2026-08-24 18:44:36+00:00,ESP32Noris001Vaccine,12,0,5.75,25.4,71.4,652,40,60.9,0,TRANSPORTE_OK
2026-08-24 18:44:37+00:00,ESP32Noris001Vaccine,12,1,5.75,25.5,72.4,606,39,59.4,0,TRANSPORTE_OK
2026-08-24 18:44:38+00:00,ESP32Noris001Vaccine,12,2,5.75,26.5,65.1,550,41,61.1,0,TRANSPORTE_OK
2026-08-24 18:44:39+00:00,ESP32Noris001Vaccine,12,3,5.25,26.5,68.1,526,40,60.9,0,TRANSPORTE_OK
2026-08-24 18:44:40+00:00,ESP32Noris001Vaccine,12,4,5.25,26.2,70.9,544,42,61.6,0,TRANSPORTE_OK
2026-08-24 18:44:41+00:00,ESP32Noris001Vaccine,12,5,5.0,27.0,68.6,475,40,62.1,0,TRANSPORTE_OK
2026-08-24 18:44:42+00:00,ESP32Noris001Vaccine,12,6,4.5,27.2,70.5,486,40,61.1,0,TRANSPORTE_OK
2026-08-24 18:44:43+00:00,ESP32Noris001Vaccine,12,7,4.5,27.7,66.6,512,37,61.2,0,TRANSPORTE_OK
2026-08-24 18:44:44+00:00,ESP32Noris001Vaccine,12,8,4.25,27.7,66.1,420,40,62.2,0,TRANSPORTE_OK
2026-08-24 18:44:45+00:00,ESP32Noris001Vaccine,12,9,4.25,28.0,71.6,434,37,62.6,0,TRANSPORTE_OK
2026-08-24 18:44:46+00:00,ESP32Noris001Vaccine,12,10,4.0,27.8,66.9,386,36,62.2,0,TRANSPORTE_OK
2026-08-24 18:44:47+00:00,ESP32Noris001Vaccine,12,11,4.0,28.8,64.1,392,41,63.0,0,TRANSPORTE_OK
2026-08-24 18:44:48+00:00,ESP32Noris001Vaccine,12,12,4.0,28.4,65.9,324,40,60.8,0,TRANSPORTE_OK
2026-08-24 18:44:49+00:00,ESP32Noris001Vaccine,12,13,4.25,27.8,64.9,432,39,59.0,0,TRANSPORTE_OK
2026-08-24 18:44:50+00:00,ESP32Noris001Vaccine,12,14,4.75,27.1,65.3,516,37,57.2,0,TRANSPORTE_OK
2026-08-24 18:44:51+00:00,ESP32Noris001Vaccine,12,15,4.75,26.7,72.8,518,38,55.4,0,TRANSPORTE_OK
2026-08-24 18:44:52+00:00,ESP32Noris001Vaccine,12,16,5.25,26.0,71.7,588,40,52.8,0,TRANSPORTE_OK
2026-08-24 18:44:53+00:00,ESP32Noris001Vaccine,12,17,5.25,25.9,74.1,578,38,51.8,0,TRANSPORTE_OK
2026-08-24 18:44:54+00:00,ESP32Noris001Vaccine,12,18,5.75,26.1,69.8,565,36,49.9,0,TRANSPORTE_OK
2026-08-24 18:44:55+00:00,ESP32Noris001Vaccine,12,19,6.25,25.1,73.9,618,37,48.5,0,TRANSPORTE_OK
2026-08-24 18:44:56+00:00,ESP32Noris001Vaccine,12,20,6.25,24.5,73.3,629,38,46.2,0,TRANSPORTE_OK
2026-08-24 18:44:57+00:00,ESP32Noris001Vaccine,12,21,6.5,24.4,71.3,688,38,43.8,0,TRANSPORTE_OK
2026-08-24 18:44:58+00:00,ESP32Noris001Vaccine,12,22,7.0,24.0,76.9,674,39,42.6,0,TRANSPORTE_OK
2026-08-24 18:44:59+00:00,ESP32Noris001Vaccine,12,23,6.5,24.3,75.5,689,38,43.1,0,TRANSPORTE_OK
2026-08-24 18:45:00+00:00,ESP32Noris001Vaccine,12,24,6.25,24.2,73.0,714,35,43.6,0,TRANSPORTE_OK
2026-08-24 18:45:01+00:00,ESP32Noris001Vaccine,12,25,6.25,24.7,73.9,672,39,45.7,0,TRANSPORTE_OK
2026-08-24 18:45:02+00:00,ESP32Noris001Vaccine,12,26,5.75,24.4,75.2,697,40,46.8,0,TRANSPORTE_OK
2026-08-24 18:45:03+00:00,ESP32Noris001Vaccine,12,27,5.5,25.2,75.1,606,37,46.6,0,TRANSPORTE_OK
2026-08-24 18:45:04+00:00,ESP32Noris001Vaccine,12,28,5.25,25.4,69.9,575,38,49.3,0,TRANSPORTE_OK
2026-08-24 18:45:05+00:00,ESP32Noris001Vaccine,12,29,5.0,25.6,70.4,497,39,49.5,0,TRANSPORTE_OK
2026-08-24 18:45:06+00:00,ESP32Noris001Vaccine,12,30,4.75,25.6,70.4,470,38,50.7,0,TRANSPORTE_OK
2026-08-24 18:45:07+00:00,ESP32Noris001Vaccine,12,31,4.75,25.9,72.7,497,37,51.4,0,TRANSPORTE_OK
2026-08-24 18:45:08+00:00,ESP32Noris001Vaccine,12,32,4.25,25.9,72.5,549,41,52.5,0,TRANSPORTE_OK
2026-08-24 18:45:09+00:00,ESP32Noris001Vaccine,12,33,4.0,26.2,73.1,450,41,54.2,0,TRANSPORTE_OK
2026-08-24 18:45:10+00:00,ESP32Noris001Vaccine,12,34,4.5,25.9,70.0,394,40,52.0,0,TRANSPORTE_OK
2026-08-24 18:45:11+00:00,ESP32Noris001Vaccine,12,35,4.5,25.6,71.3,401,41,52.6,0,TRANSPORTE_OK
2026-08-24 18:45:12+00:00,ESP32Noris001Vaccine,12,36,4.75,26.1,72.4,472,43,50.9,0,TRANSPORTE_OK
2026-08-24 18:45:13+00:00,ESP32Noris001Vaccine,12,37,5.0,25.5,71.2,457,41,50.9,0,TRANSPORTE_OK
2026-08-24 18:45:14+00:00,ESP32Noris001Vaccine,12,38,5.5,24.9,73.3,364,38,50.3,0,TRANSPORTE_OK
2026-08-24 18:45:15+00:00,ESP32Noris001Vaccine,12,39,5.25,25.1,73.6,369,41,48.2,0,TRANSPORTE_OK
2026-08-24 18:45:16+00:00,ESP32Noris001Vaccine,12,40,5.75,25.1,76.9,305,38,48.0,0,TRANSPORTE_OK
2026-08-24 18:45:17+00:00,ESP32Noris001Vaccine,12,41,6.0,24.9,71.7,305,40,46.4,0,TRANSPORTE_OK
2026-08-24 18:45:18+00:00,ESP32Noris001Vaccine,12,42,6.25,25.1,72.2,239,39,46.1,0,TRANSPORTE_OK
2026-08-24 18:45:19+00:00,ESP32Noris001Vaccine,12,43,6.5,24.8,66.9,174,38,45.3,0,TRANSPORTE_OK
2026-08-24 18:45:20+00:00,ESP32Noris001Vaccine,12,44,6.75,24.3,71.1,209,35,45.3,0,TRANSPORTE_OK
2026-08-24 18:49:40+00:00,ESP32Noris001Vaccine,13,0,10.75,34.0,60.2,73,14,10.9,1,CARGA_EM_PERIGO
2026-08-24 18:49:41+00:00,ESP32Noris001Vaccine,13,1,10.75,33.1,56.2,78,18,11.4,2,CARGA_EM_PERIGO
2026-08-24 18:49:42+00:00,ESP32Noris001Vaccine,13,2,10.25,32.1,62.3,79,16,11.3,3,CARGA_EM_PERIGO
2026-08-24 18:49:43+00:00,ESP32Noris001Vaccine,13,3,10.0,31.4,65.5,69,16,10.8,4,CARGA_EM_PERIGO
2026-08-24 18:49:44+00:00,ESP32Noris001Vaccine,13,4,10.0,30.5,69.0,81,18,11.9,5,CARGA_EM_PERIGO
2026-08-24 18:49:45+00:00,ESP32Noris001Vaccine,13,5,9.5,29.2,68.7,91,14,11.3,6,CARGA_EM_PERIGO
2026-08-24 18:49:46+00:00,ESP32Noris001Vaccine,13,6,9.5,28.0,65.0,70,13,12.7,7,CARGA_EM_PERIGO
2026-08-24 18:49:47+00:00,ESP32Noris001Vaccine,13,7,9.25,27.3,68.1,80,17,12.6,8,CARGA_EM_PERIGO
2026-08-24 18:49:48+00:00,ESP32Noris001Vaccine,13,8,9.0,26.5,74.7,88,17,12.6,9,CARGA_EM_PERIGO
2026-08-24 18:49:49+00:00,ESP32Noris001Vaccine,13,9,8.75,24.7,69.8,83,15,12.5,10,CARGA_EM_PERIGO
2026-08-24 18:49:50+00:00,ESP32Noris001Vaccine,13,10,8.75,25.7,64.5,88,14,13.3,11,CARGA_EM_PERIGO
2026-08-24 18:49:51+00:00,ESP32Noris001Vaccine,13,11,9.0,27.0,69.7,89,17,12.6,12,CARGA_EM_PERIGO
2026-08-24 18:49:52+00:00,ESP32Noris001Vaccine,13,12,9.0,28.4,69.6,83,14,13.5,13,CARGA_EM_PERIGO
2026-08-24 18:49:53+00:00,ESP32Noris001Vaccine,13,13,9.25,30.4,63.8,86,18,13.2,14,CARGA_EM_PERIGO
2026-08-24 18:49:54+00:00,ESP32Noris001Vaccine,13,14,9.25,32.1,67.6,85,17,14.3,15,CARGA_EM_PERIGO
2026-08-24 18:49:55+00:00,ESP32Noris001Vaccine,13,15,9.5,33.2,62.1,86,13,15.5,16,CARGA_EM_PERIGO
2026-08-24 18:49:56+00:00,ESP32Noris001Vaccine,13,16,9.5,35.0,60.5,92,18,15.6,17,CARGA_EM_PERIGO
2026-08-24 18:49:57+00:00,ESP32Noris001Vaccine,13,17,9.75,36.8,55.4,87,15,14.2,18,CARGA_EM_PERIGO
2026-08-24 18:49:58+00:00,ESP32Noris001Vaccine,13,18,10.25,38.2,52.8,90,18,15.2,19,CARGA_EM_PERIGO
2026-08-24 18:49:59+00:00,ESP32Noris001Vaccine,13,19,10.0,38.5,55.8,98,16,13.9,20,CARGA_EM_PERIGO
2026-08-24 18:50:00+00:00,ESP32Noris001Vaccine,13,20,10.0,38.4,58.7,92,15,15.1,21,CARGA_EM_PERIGO
2026-08-24 18:50:01+00:00,ESP32Noris001Vaccine,13,21,9.75,37.2,57.6,85,16,14.1,22,CARGA_EM_PERIGO
2026-08-24 18:50:02+00:00,ESP32Noris001Vaccine,13,22,9.75,36.4,59.1,77,15,14.1,23,CARGA_EM_PERIGO
2026-08-24 18:50:03+00:00,ESP32Noris001Vaccine,13,23,10.0,35.0,61.5,68,14,12.6,24,CARGA_EM_PERIGO
2026-08-24 18:50:04+00:00,ESP32Noris001Vaccine,13,24,9.75,34.7,56.4,58,17,12.5,25,CARGA_EM_PERIGO
2026-08-24 18:50:05+00:00,ESP32Noris001Vaccine,13,25,10.0,34.1,62.4,58,15,11.9,26,CARGA_EM_PERIGO
2026-08-24 18:50:06+00:00,ESP32Noris001Vaccine,13,26,10.0,33.5,64.2,48,16,11.0,27,CARGA_EM_PERIGO
2026-08-24 18:50:07+00:00,ESP32Noris001Vaccine,13,27,9.5,32.1,62.7,45,18,11.0,28,CARGA_EM_PERIGO
2026-08-24 18:50:08+00:00,ESP32Noris001Vaccine,13,28,9.75,31.8,60.1,48,16,10.4,29,CARGA_EM_PERIGO
2026-08-24 18:50:09+00:00,ESP32Noris001Vaccine,13,29,9.75,32.8,58.8,60,12,11.1,30,CARGA_EM_PERIGO
2026-08-24 18:50:10+00:00,ESP32Noris001Vaccine,13,30,9.5,33.5,62.9,71,19,10.6,31,CARGA_EM_PERIGO
2026-08-24 18:50:11+00:00,ESP32Noris001Vaccine,13,31,9.75,34.0,60.1,62,16,10.4,32,CARGA_EM_PERIGO
2026-08-24 18:50:12+00:00,ESP32Noris001Vaccine,13,32,9.75,34.8,59.2,69,13,11.4,33,CARGA_EM_PERIGO
2026-08-24 18:50:13+00:00,ESP32Noris001Vaccine,13,33,9.75,36.1,59.2,88,18,11.5,34,CARGA_EM_PERIGO
2026-08-24 18:50:14+00:00,ESP32Noris001Vaccine,13,34,9.5,36.7,53.1,84,14,12.3,35,CARGA_EM_PERIGO
2026-08-24 18:50:15+00:00,ESP32Noris001Vaccine,13,35,9.75,37.1,58.8,83,20,13.3,36,CARGA_EM_PERIGO
2026-08-24 18:50:16+00:00,ESP32Noris001Vaccine,13,36,9.75,38.4,53.0,97,18,13.2,37,CARGA_EM_PERIGO
2026-08-24 18:50:17+00:00,ESP32Noris001Vaccine,13,37,9.75,39.0,53.0,92,18,14.8,38,CARGA_EM_PERIGO
2026-08-24 18:52:57+00:00,ESP32Noris001Vaccine,14,0,10.25,22.0,77.6,37,30,13.9,1,CARGA_EM_PERIGO
2026-08-24 18:52:58+00:00,ESP32Noris001Vaccine,14,1,10.5,23.9,71.8,31,33,15.7,2,CARGA_EM_PERIGO
2026-08-24 18:52:59+00:00,ESP32Noris001Vaccine,14,2,10.25,24.9,73.1,38,33,15.3,3,CARGA_EM_PERIGO
2026-08-24 18:53:00+00:00,ESP32Noris001Vaccine,14,3,10.25,25.9,73.4,38,31,15.9,4,CARGA_EM_PERIGO
2026-08-24 18:53:01+00:00,ESP32Noris001Vaccine,14,4,10.5,27.0,68.7,41,32,16.6,5,CARGA_EM_PERIGO
2026-08-24 18:53:02+00:00,ESP32Noris001Vaccine,14,5,10.5,28.3,75.7,19,32,16.7,6,CARGA_EM_PERIGO
2026-08-24 18:53:03+00:00,ESP32Noris001Vaccine,14,6,10.25,29.8,70.2,24,31,16.6,7,CARGA_EM_PERIGO
2026-08-24 18:53:04+00:00,ESP32Noris001Vaccine,14,7,10.25,31.2,67.2,37,32,17.6,8,CARGA_EM_PERIGO
2026-08-24 18:53:05+00:00,ESP32Noris001Vaccine,14,8,10.25,32.7,60.4,27,31,17.2,9,CARGA_EM_PERIGO
2026-08-24 18:53:06+00:00,ESP32Noris001Vaccine,14,9,10.25,33.5,63.0,31,32,18.3,10,CARGA_EM_PERIGO
2026-08-24 18:53:07+00:00,ESP32Noris001Vaccine,14,10,10.0,34.8,60.6,37,32,19.2,11,CARGA_EM_PERIGO
2026-08-24 18:53:08+00:00,ESP32Noris001Vaccine,14,11,10.25,34.7,58.2,49,33,19.1,12,CARGA_EM_PERIGO
2026-08-24 18:53:09+00:00,ESP32Noris001Vaccine,14,12,10.25,34.5,58.5,49,31,19.9,13,CARGA_EM_PERIGO
2026-08-24 18:53:10+00:00,ESP32Noris001Vaccine,14,13,10.0,34.8,58.0,44,31,19.3,14,CARGA_EM_PERIGO
2026-08-24 18:53:11+00:00,ESP32Noris001Vaccine,14,14,10.25,35.2,56.0,50,35,18.4,15,CARGA_EM_PERIGO
2026-08-24 18:53:12+00:00,ESP32Noris001Vaccine,14,15,10.25,35.3,55.9,52,33,19.0,16,CARGA_EM_PERIGO
2026-08-24 18:53:13+00:00,ESP32Noris001Vaccine,14,16,10.25,35.3,54.9,71,32,18.0,17,CARGA_EM_PERIGO
2026-08-24 18:53:14+00:00,ESP32Noris001Vaccine,14,17,10.25,35.1,59.3,70,32,18.5,18,CARGA_EM_PERIGO
2026-08-24 18:53:15+00:00,ESP32Noris001Vaccine,14,18,10.0,35.1,56.9,79,34,17.3,19,CARGA_EM_PERIGO
2026-08-24 18:53:16+00:00,ESP32Noris001Vaccine,14,19,10.25,35.1,59.0,81,33,17.6,20,CARGA_EM_PERIGO
2026-08-24 18:53:17+00:00,ESP32Noris001Vaccine,14,20,10.25,34.7,63.3,92,31,18.9,21,CARGA_EM_PERIGO
2026-08-24 18:53:18+00:00,ESP32Noris001Vaccine,14,21,10.25,33.9,67.8,74,32,18.5,22,CARGA_EM_PERIGO
2026-08-24 18:53:19+00:00,ESP32Noris001Vaccine,14,22,10.0,32.2,60.6,70,31,18.1,23,CARGA_EM_PERIGO
2026-08-24 18:53:20+00:00,ESP32Noris001Vaccine,14,23,10.0,31.4,64.6,73,32,18.2,24,CARGA_EM_PERIGO
2026-08-24 18:53:21+00:00,ESP32Noris001Vaccine,14,24,10.0,30.1,67.9,55,31,17.8,25,CARGA_EM_PERIGO
2026-08-24 18:53:22+00:00,ESP32Noris001Vaccine,14,25,10.25,29.3,67.4,60,31,18.5,26,CARGA_EM_PERIGO
2026-08-24 18:53:23+00:00,ESP32Noris001Vaccine,14,26,10.0,28.2,65.8,50,31,19.4,27,CARGA_EM_PERIGO
2026-08-24 18:53:24+00:00,ESP32Noris001Vaccine,14,27,10.25,27.4,66.0,49,33,19.1,28,CARGA_EM_PERIGO
2026-08-24 18:53:25+00:00,ESP32Noris001Vaccine,14,28,10.25,25.8,72.8,45,32,17.6,29,CARGA_EM_PERIGO
2026-08-24 18:53:26+00:00,ESP32Noris001Vaccine,14,29,10.0,24.7,72.2,36,32,19.5,30,CARGA_EM_PERIGO
2026-08-24 18:53:27+00:00,ESP32Noris001Vaccine,14,30,10.25,25.1,71.3,46,34,17.7,31,CARGA_EM_PERIGO
2026-08-24 18:53:28+00:00,ESP32Noris001Vaccine,14,31,10.0,26.3,69.2,53,33,19.3,32,CARGA_EM_PERIGO
2026-08-24 18:53:29+00:00,ESP32Noris001Vaccine,14,32,9.75,27.2,70.0,48,32,18.3,33,CARGA_EM_PERIGO
2026-08-24 18:53:30+00:00,ESP32Noris001Vaccine,14,33,9.75,28.2,69.2,54,31,18.1,34,CARGA_EM_PERIGO
2026-08-24 18:53:31+00:00,ESP32Noris001Vaccine,14,34,9.5,29.2,72.3,52,34,17.0,35,CARGA_EM_PERIGO
2026-08-24 18:53:32+00:00,ESP32Noris001Vaccine,14,35,9.75,30.7,60.9,65,32,17.5,36,CARGA_EM_PERIGO
2026-08-24 18:53:33+00:00,ESP32Noris001Vaccine,14,36,9.75,31.1,61.8,73,32,17.1,37,CARGA_EM_PERIGO
2026-08-24 18:53:34+00:00,ESP32Noris001Vaccine,14,37,9.75,32.6,62.8,79,30,15.8,38,CARGA_EM_PERIGO
2026-08-24 18:53:35+00:00,ESP32Noris001Vaccine,14,38,9.5,33.7,58.9,88,30,17.1,39,CARGA_EM_PERIGO
2026-08-24 18:53:36+00:00,ESP32Noris001Vaccine,14,39,9.25,34.4,61.9,89,28,16.5,40,CARGA_EM_PERIGO
2026-08-24 18:56:53+00:00,ESP32Noris001Vaccine,15,0,1.5,26.8,70.0,53,41,15.6,1,CARGA_EM_PERIGO
2026-08-24 18:56:54+00:00,ESP32Noris001Vaccine,15,1,1.5,26.4,71.9,51,42,16.0,2,CARGA_EM_PERIGO
2026-08-24 18:56:55+00:00,ESP32Noris001Vaccine,15,2,1.5,25.8,70.8,55,42,14.0,3,CARGA_EM_PERIGO
2026-08-24 18:56:56+00:00,ESP32Noris001Vaccine,15,3,1.5,25.8,69.0,71,42,14.5,4,CARGA_EM_PERIGO
2026-08-24 18:56:57+00:00,ESP32Noris001Vaccine,15,4,1.5,25.8,70.6,63,43,14.1,5,CARGA_EM_PERIGO
2026-08-24 18:56:58+00:00,ESP32Noris001Vaccine,15,5,1.5,24.6,72.3,70,41,12.8,6,CARGA_EM_PERIGO
2026-08-24 18:56:59+00:00,ESP32Noris001Vaccine,15,6,1.5,24.6,69.1,67,40,13.7,7,CARGA_EM_PERIGO
2026-08-24 18:57:00+00:00,ESP32Noris001Vaccine,15,7,1.5,24.4,73.6,71,41,13.5,8,CARGA_EM_PERIGO
2026-08-24 18:57:01+00:00,ESP32Noris001Vaccine,15,8,1.5,24.0,77.4,86,38,13.0,9,CARGA_EM_PERIGO
2026-08-24 18:57:02+00:00,ESP32Noris001Vaccine,15,9,1.25,24.4,70.4,82,39,12.9,10,CARGA_EM_PERIGO
2026-08-24 18:57:03+00:00,ESP32Noris001Vaccine,15,10,1.5,24.3,68.9,79,39,13.5,11,CARGA_EM_PERIGO
2026-08-24 18:57:04+00:00,ESP32Noris001Vaccine,15,11,1.5,24.7,70.9,72,42,13.3,12,CARGA_EM_PERIGO
2026-08-24 18:57:05+00:00,ESP32Noris001Vaccine,15,12,1.25,24.5,74.1,68,46,13.2,13,CARGA_EM_PERIGO
2026-08-24 18:57:06+00:00,ESP32Noris001Vaccine,15,13,1.25,25.4,77.1,74,41,12.3,14,CARGA_EM_PERIGO
2026-08-24 18:57:07+00:00,ESP32Noris001Vaccine,15,14,1.5,25.9,70.0,61,41,12.8,15,CARGA_EM_PERIGO
2026-08-24 18:57:08+00:00,ESP32Noris001Vaccine,15,15,1.25,25.4,67.2,60,41,13.7,16,CARGA_EM_PERIGO
2026-08-24 18:57:09+00:00,ESP32Noris001Vaccine,15,16,1.5,26.6,73.3,56,42,11.7,17,CARGA_EM_PERIGO
2026-08-24 18:57:10+00:00,ESP32Noris001Vaccine,15,17,1.5,25.9,67.7,70,43,12.0,18,CARGA_EM_PERIGO
2026-08-24 18:57:11+00:00,ESP32Noris001Vaccine,15,18,1.5,27.0,67.4,63,42,12.8,19,CARGA_EM_PERIGO
2026-08-24 18:57:12+00:00,ESP32Noris001Vaccine,15,19,1.5,26.0,72.4,54,44,12.9,20,CARGA_EM_PERIGO
2026-08-24 18:57:13+00:00,ESP32Noris001Vaccine,15,20,1.5,25.5,72.8,52,43,12.0,21,CARGA_EM_PERIGO
2026-08-24 18:57:14+00:00,ESP32Noris001Vaccine,15,21,1.25,24.7,74.0,68,43,13.5,22,CARGA_EM_PERIGO
2026-08-24 18:57:15+00:00,ESP32Noris001Vaccine,15,22,1.25,23.8,75.4,64,45,14.0,23,CARGA_EM_PERIGO
2026-08-24 18:57:16+00:00,ESP32Noris001Vaccine,15,23,1.0,23.3,79.8,63,43,10.7,24,CARGA_EM_PERIGO
2026-08-24 18:57:17+00:00,ESP32Noris001Vaccine,15,24,1.25,22.9,74.1,59,41,12.2,25,CARGA_EM_PERIGO
2026-08-24 18:57:18+00:00,ESP32Noris001Vaccine,15,25,1.0,22.1,78.2,58,39,12.8,26,CARGA_EM_PERIGO
2026-08-24 18:57:19+00:00,ESP32Noris001Vaccine,15,26,1.0,21.6,78.9,66,43,12.3,27,CARGA_EM_PERIGO
2026-08-24 18:57:20+00:00,ESP32Noris001Vaccine,15,27,0.75,20.8,78.5,59,40,13.5,28,CARGA_EM_PERIGO
2026-08-24 18:57:21+00:00,ESP32Noris001Vaccine,15,28,1.0,21.5,78.9,65,43,13.5,29,CARGA_EM_PERIGO
2026-08-24 18:57:22+00:00,ESP32Noris001Vaccine,15,29,0.75,21.8,81.8,70,41,12.4,30,CARGA_EM_PERIGO
2026-08-24 18:57:23+00:00,ESP32Noris001Vaccine,15,30,0.75,23.0,70.8,69,43,12.9,31,CARGA_EM_PERIGO
2026-08-24 18:57:24+00:00,ESP32Noris001Vaccine,15,31,1.0,23.2,74.8,67,42,13.0,32,CARGA_EM_PERIGO
2026-08-24 18:57:25+00:00,ESP32Noris001Vaccine,15,32,0.75,24.3,76.3,70,41,12.8,33,CARGA_EM_PERIGO
2026-08-24 18:57:26+00:00,ESP32Noris001Vaccine,15,33,1.0,24.7,68.2,67,45,13.4,34,CARGA_EM_PERIGO
2026-08-24 18:57:27+00:00,ESP32Noris001Vaccine,15,34,0.75,24.8,72.3,79,41,13.6,35,CARGA_EM_PERIGO
2026-08-24 18:57:28+00:00,ESP32Noris001Vaccine,15,35,0.75,25.9,72.4,65,42,14.1,36,CARGA_EM_PERIGO
2026-08-24 18:57:29+00:00,ESP32Noris001Vaccine,15,36,0.75,27.0,73.0,83,40,14.4,37,CARGA_EM_PERIGO
2026-08-24 19:02:00+00:00,ESP32Noris001Vaccine,16,0,1.25,23.7,74.1,63,33,17.7,1,CARGA_EM_PERIGO
2026-08-24 19:02:01+00:00,ESP32Noris001Vaccine,16,1,1.5,23.5,76.6,62,34,18.1,2,CARGA_EM_PERIGO
2026-08-24 19:02:02+00:00,ESP32Noris001Vaccine,16,2,1.5,23.5,75.0,67,31,17.0,3,CARGA_EM_PERIGO
2026-08-24 19:02:03+00:00,ESP32Noris001Vaccine,16,3,1.5,23.8,73.9,69,33,19.1,4,CARGA_EM_PERIGO
2026-08-24 19:02:04+00:00,ESP32Noris001Vaccine,16,4,1.5,23.2,73.8,59,30,17.3,5,CARGA_EM_PERIGO
2026-08-24 19:02:05+00:00,ESP32Noris001Vaccine,16,5,1.5,23.6,78.4,59,32,18.5,6,CARGA_EM_PERIGO
2026-08-24 19:02:06+00:00,ESP32Noris001Vaccine,16,6,1.5,23.8,71.1,56,34,17.3,7,CARGA_EM_PERIGO
2026-08-24 19:02:07+00:00,ESP32Noris001Vaccine,16,7,1.5,23.1,73.7,66,33,17.9,8,CARGA_EM_PERIGO
2026-08-24 19:02:08+00:00,ESP32Noris001Vaccine,16,8,1.5,23.4,74.9,77,33,17.1,9,CARGA_EM_PERIGO
2026-08-24 19:02:09+00:00,ESP32Noris001Vaccine,16,9,1.25,23.8,73.3,72,31,17.2,10,CARGA_EM_PERIGO
2026-08-24 19:02:10+00:00,ESP32Noris001Vaccine,16,10,1.5,23.2,77.1,82,31,18.3,11,CARGA_EM_PERIGO
2026-08-24 19:02:11+00:00,ESP32Noris001Vaccine,16,11,1.25,23.6,76.5,88,32,17.4,12,CARGA_EM_PERIGO
2026-08-24 19:02:12+00:00,ESP32Noris001Vaccine,16,12,1.5,23.4,73.5,70,31,16.8,13,CARGA_EM_PERIGO
2026-08-24 19:02:13+00:00,ESP32Noris001Vaccine,16,13,1.5,23.3,76.0,73,32,17.7,14,CARGA_EM_PERIGO
2026-08-24 19:02:14+00:00,ESP32Noris001Vaccine,16,14,1.75,22.3,76.5,65,31,17.2,15,CARGA_EM_PERIGO
2026-08-24 19:02:15+00:00,ESP32Noris001Vaccine,16,15,1.5,23.0,77.7,58,30,16.8,16,CARGA_EM_PERIGO
2026-08-24 19:02:16+00:00,ESP32Noris001Vaccine,16,16,1.25,22.4,76.7,67,34,16.2,17,CARGA_EM_PERIGO
2026-08-24 19:02:17+00:00,ESP32Noris001Vaccine,16,17,1.5,22.9,78.8,51,31,15.4,18,CARGA_EM_PERIGO
2026-08-24 19:02:18+00:00,ESP32Noris001Vaccine,16,18,1.5,22.1,76.7,50,36,16.8,19,CARGA_EM_PERIGO
2026-08-24 19:02:19+00:00,ESP32Noris001Vaccine,16,19,1.5,22.2,80.4,47,33,15.9,20,CARGA_EM_PERIGO
2026-08-24 19:02:20+00:00,ESP32Noris001Vaccine,16,20,1.5,21.9,76.6,41,34,16.4,21,CARGA_EM_PERIGO
2026-08-24 19:02:21+00:00,ESP32Noris001Vaccine,16,21,1.5,21.3,78.8,51,32,15.5,22,CARGA_EM_PERIGO
2026-08-24 19:02:22+00:00,ESP32Noris001Vaccine,16,22,1.5,21.2,75.3,57,31,15.2,23,CARGA_EM_PERIGO
2026-08-24 19:02:23+00:00,ESP32Noris001Vaccine,16,23,1.5,22.3,74.9,43,32,14.9,24,CARGA_EM_PERIGO
2026-08-24 19:02:24+00:00,ESP32Noris001Vaccine,16,24,1.5,22.2,79.1,53,32,14.8,25,CARGA_EM_PERIGO
2026-08-24 19:02:25+00:00,ESP32Noris001Vaccine,16,25,1.25,22.5,74.6,52,33,14.2,26,CARGA_EM_PERIGO
2026-08-24 19:02:26+00:00,ESP32Noris001Vaccine,16,26,1.25,22.6,72.8,51,33,13.4,27,CARGA_EM_PERIGO
2026-08-24 19:02:27+00:00,ESP32Noris001Vaccine,16,27,1.25,23.1,75.9,51,35,15.1,28,CARGA_EM_PERIGO
2026-08-24 19:02:28+00:00,ESP32Noris001Vaccine,16,28,1.0,23.3,79.1,47,36,14.0,29,CARGA_EM_PERIGO
2026-08-24 19:02:29+00:00,ESP32Noris001Vaccine,16,29,1.0,23.5,77.6,65,35,14.6,30,CARGA_EM_PERIGO
2026-08-24 19:02:30+00:00,ESP32Noris001Vaccine,16,30,1.0,24.2,74.3,54,36,15.0,31,CARGA_EM_PERIGO
2026-08-24 19:02:31+00:00,ESP32Noris001Vaccine,16,31,0.75,24.8,65.0,63,31,13.7,32,CARGA_EM_PERIGO
2026-08-24 19:02:32+00:00,ESP32Noris001Vaccine,16,32,0.75,24.9,75.0,61,34,14.1,33,CARGA_EM_PERIGO
2026-08-24 19:02:33+00:00,ESP32Noris001Vaccine,16,33,0.75,25.1,75.0,68,34,13.0,34,CARGA_EM_PERIGO
2026-08-24 19:02:34+00:00,ESP32Noris001Vaccine,16,34,0.75,24.6,75.2,75,34,13.2,35,CARGA_EM_PERIGO
2026-08-24 19:02:35+00:00,ESP32Noris001Vaccine,16,35,0.75,25.0,74.1,71,31,13.3,36,CARGA_EM_PERIGO
2026-08-24 19:02:36+00:00,ESP32Noris001Vaccine,16,36,0.75,25.3,71.2,79,32,13.9,37,CARGA_EM_PERIGO
2026-08-24 19:02:37+00:00,ESP32Noris001Vaccine,16,37,0.5,25.3,73.1,61,35,14.3,38,CARGA_EM_PERIGO
2026-08-24 19:02:38+00:00,ESP32Noris001Vaccine,16,38,0.75,25.0,74.9,58,28,14.8,39,CARGA_EM_PERIGO
2026-08-24 19:02:39+00:00,ESP32Noris001Vaccine,16,39,0.75,24.8,72.8,68,35,15.9,40,CARGA_EM_PERIGO
2026-08-24 19:02:40+00:00,ESP32Noris001Vaccine,16,40,0.75,24.2,76.3,66,35,15.3,41,CARGA_EM_PERIGO
2026-08-24 19:02:41+00:00,ESP32Noris001Vaccine,16,41,0.75,24.8,73.5,74,34,13.9,42,CARGA_EM_PERIGO
2026-08-24 19:02:42+00:00,ESP32Noris001Vaccine,16,42,1.0,24.2,75.4,60,32,15.0,43,CARGA_EM_PERIGO
2026-08-24 19:02:43+00:00,ESP32Noris001Vaccine,16,43,1.0,23.8,75.7,58,33,15.3,44,CARGA_EM_PERIGO
2026-08-24 19:02:44+00:00,ESP32Noris001Vaccine,16,44,1.0,24.0,75.4,62,33,15.8,45,CARGA_EM_PERIGO
2026-08-24 19:04:54+00:00,ESP32Noris001Vaccine,17,0,8.0,23.7,75.1,60,77,11.5,1,CARGA_EM_PERIGO
2026-08-24 19:04:55+00:00,ESP32Noris001Vaccine,17,1,8.0,23.7,75.4,58,74,11.5,2,CARGA_EM_PERIGO
2026-08-24 19:04:56+00:00,ESP32Noris001Vaccine,17,2,7.75,23.7,74.3,70,76,11.2,3,CARGA_EM_PERIGO
2026-08-24 19:04:57+00:00,ESP32Noris001Vaccine,17,3,7.75,23.3,74.0,67,76,11.2,4,CARGA_EM_PERIGO
2026-08-24 19:04:58+00:00,ESP32Noris001Vaccine,17,4,7.5,22.6,73.6,72,73,12.0,5,CARGA_EM_PERIGO
2026-08-24 19:04:59+00:00,ESP32Noris001Vaccine,17,5,7.25,22.4,79.1,75,74,12.7,6,CARGA_EM_PERIGO
2026-08-24 19:05:00+00:00,ESP32Noris001Vaccine,17,6,7.5,22.1,77.7,75,73,11.1,7,CARGA_EM_PERIGO
2026-08-24 19:05:01+00:00,ESP32Noris001Vaccine,17,7,7.5,21.5,76.9,66,73,12.6,8,CARGA_EM_PERIGO
2026-08-24 19:05:02+00:00,ESP32Noris001Vaccine,17,8,7.25,21.7,76.8,75,74,13.1,9,CARGA_EM_PERIGO
2026-08-24 19:05:03+00:00,ESP32Noris001Vaccine,17,9,7.0,20.7,75.4,81,73,12.2,10,CARGA_EM_PERIGO
2026-08-24 19:05:04+00:00,ESP32Noris001Vaccine,17,10,7.0,21.1,75.7,79,73,13.3,11,CARGA_EM_PERIGO
2026-08-24 19:05:05+00:00,ESP32Noris001Vaccine,17,11,7.25,21.3,77.5,76,73,13.2,12,CARGA_EM_PERIGO
2026-08-24 19:05:06+00:00,ESP32Noris001Vaccine,17,12,7.25,21.4,76.3,77,74,12.9,13,CARGA_EM_PERIGO
2026-08-24 19:05:07+00:00,ESP32Noris001Vaccine,17,13,7.5,22.5,76.4,72,75,14.6,14,CARGA_EM_PERIGO
2026-08-24 19:05:08+00:00,ESP32Noris001Vaccine,17,14,7.5,22.7,75.3,73,73,14.1,15,CARGA_EM_PERIGO
2026-08-24 19:05:09+00:00,ESP32Noris001Vaccine,17,15,7.75,22.9,76.4,64,72,14.1,16,CARGA_EM_PERIGO
2026-08-24 19:05:10+00:00,ESP32Noris001Vaccine,17,16,7.75,23.2,74.9,58,73,14.4,17,CARGA_EM_PERIGO
2026-08-24 19:05:11+00:00,ESP32Noris001Vaccine,17,17,7.75,23.5,73.3,59,75,14.4,18,CARGA_EM_PERIGO
2026-08-24 19:05:12+00:00,ESP32Noris001Vaccine,17,18,8.25,24.0,76.4,57,72,13.8,19,CARGA_EM_PERIGO
2026-08-24 19:05:13+00:00,ESP32Noris001Vaccine,17,19,8.25,24.5,77.6,40,73,14.6,20,CARGA_EM_PERIGO
2026-08-24 19:05:14+00:00,ESP32Noris001Vaccine,17,20,8.25,24.8,74.7,41,72,15.3,21,CARGA_EM_PERIGO
2026-08-24 19:05:15+00:00,ESP32Noris001Vaccine,17,21,8.25,24.8,75.4,45,73,15.5,22,CARGA_EM_PERIGO
2026-08-24 19:05:16+00:00,ESP32Noris001Vaccine,17,22,8.0,25.0,73.8,53,71,15.0,23,CARGA_EM_PERIGO
2026-08-24 19:05:17+00:00,ESP32Noris001Vaccine,17,23,8.0,25.5,72.5,47,75,15.3,24,CARGA_EM_PERIGO
2026-08-24 19:05:18+00:00,ESP32Noris001Vaccine,17,24,8.0,26.0,66.1,61,78,16.3,25,CARGA_EM_PERIGO
2026-08-24 19:05:19+00:00,ESP32Noris001Vaccine,17,25,7.75,26.1,69.6,60,77,16.2,26,CARGA_EM_PERIGO
2026-08-24 19:05:20+00:00,ESP32Noris001Vaccine,17,26,7.75,26.7,73.3,67,71,16.8,27,CARGA_EM_PERIGO
2026-08-24 19:05:21+00:00,ESP32Noris001Vaccine,17,27,7.75,26.8,71.0,63,77,15.6,28,CARGA_EM_PERIGO
2026-08-24 19:05:22+00:00,ESP32Noris001Vaccine,17,28,7.75,27.0,68.9,57,75,15.7,29,CARGA_EM_PERIGO
2026-08-24 19:05:23+00:00,ESP32Noris001Vaccine,17,29,7.5,27.3,66.6,74,74,16.8,30,CARGA_EM_PERIGO
2026-08-24 19:05:24+00:00,ESP32Noris001Vaccine,17,30,7.5,27.3,70.1,69,73,17.0,31,CARGA_EM_PERIGO
2026-08-24 19:05:25+00:00,ESP32Noris001Vaccine,17,31,7.25,27.6,67.9,79,75,17.6,32,CARGA_EM_PERIGO
2026-08-24 19:05:26+00:00,ESP32Noris001Vaccine,17,32,7.25,27.0,73.3,63,75,15.6,33,CARGA_EM_PERIGO
2026-08-24 19:05:27+00:00,ESP32Noris001Vaccine,17,33,7.25,27.3,65.2,72,74,15.8,34,CARGA_EM_PERIGO
2026-08-24 19:05:28+00:00,ESP32Noris001Vaccine,17,34,7.25,26.9,69.8,80,76,16.0,35,CARGA_EM_PERIGO
2026-08-24 19:05:29+00:00,ESP32Noris001Vaccine,17,35,7.0,27.0,70.9,70,75,15.4,36,CARGA_EM_PERIGO
2026-08-24 19:05:30+00:00,ESP32Noris001Vaccine,17,36,7.0,27.0,72.3,75,71,16.2,37,CARGA_EM_PERIGO
2026-08-24 19:05:31+00:00,ESP32Noris001Vaccine,17,37,6.75,26.6,70.5,68,73,16.6,38,CARGA_EM_PERIGO
2026-08-24 19:05:32+00:00,ESP32Noris001Vaccine,17,38,6.5,26.1,76.8,87,72,16.5,39,CARGA_EM_PERIGO
2026-08-24 19:05:33+00:00,ESP32Noris001Vaccine,17,39,6.5,26.1,67.7,80,74,15.9,40,CARGA_EM_PERIGO
2026-08-24 19:09:12+00:00,ESP32Noris001Vaccine,18,0,7.75,22.6,75.7,68,76,18.2,1,CARGA_EM_PERIGO
2026-08-24 19:09:13+00:00,ESP32Noris001Vaccine,18,1,8.0,23.2,76.7,75,73,18.6,2,CARGA_EM_PERIGO
2026-08-24 19:09:14+00:00,ESP32Noris001Vaccine,18,2,8.0,23.0,73.4,85,77,19.4,3,CARGA_EM_PERIGO
2026-08-24 19:09:15+00:00,ESP32Noris001Vaccine,18,3,8.0,23.5,75.0,77,73,18.7,4,CARGA_EM_PERIGO
2026-08-24 19:09:16+00:00,ESP32Noris001Vaccine,18,4,8.0,23.7,75.3,69,72,18.5,5,CARGA_EM_PERIGO
2026-08-24 19:09:17+00:00,ESP32Noris001Vaccine,18,5,8.0,23.7,73.8,66,73,17.8,6,CARGA_EM_PERIGO
2026-08-24 19:09:18+00:00,ESP32Noris001Vaccine,18,6,8.0,23.9,73.8,57,74,17.3,7,CARGA_EM_PERIGO
2026-08-24 19:09:19+00:00,ESP32Noris001Vaccine,18,7,7.75,24.1,79.0,57,73,18.2,8,CARGA_EM_PERIGO
2026-08-24 19:09:20+00:00,ESP32Noris001Vaccine,18,8,8.0,24.5,73.1,57,79,18.5,9,CARGA_EM_PERIGO
2026-08-24 19:09:21+00:00,ESP32Noris001Vaccine,18,9,8.0,25.3,71.6,60,72,17.6,10,CARGA_EM_PERIGO
2026-08-24 19:09:22+00:00,ESP32Noris001Vaccine,18,10,8.25,25.1,74.5,52,72,18.0,11,CARGA_EM_PERIGO
2026-08-24 19:09:23+00:00,ESP32Noris001Vaccine,18,11,8.0,25.3,72.6,51,73,17.9,12,CARGA_EM_PERIGO
2026-08-24 19:09:24+00:00,ESP32Noris001Vaccine,18,12,8.5,25.3,73.1,51,73,17.5,13,CARGA_EM_PERIGO
2026-08-24 19:09:25+00:00,ESP32Noris001Vaccine,18,13,8.25,25.2,73.9,59,73,17.7,14,CARGA_EM_PERIGO
2026-08-24 19:09:26+00:00,ESP32Noris001Vaccine,18,14,8.0,25.6,69.8,59,78,18.0,15,CARGA_EM_PERIGO
2026-08-24 19:09:27+00:00,ESP32Noris001Vaccine,18,15,8.0,25.6,74.8,53,72,17.8,16,CARGA_EM_PERIGO
2026-08-24 19:09:28+00:00,ESP32Noris001Vaccine,18,16,8.25,25.3,74.0,70,75,18.0,17,CARGA_EM_PERIGO
2026-08-24 19:09:29+00:00,ESP32Noris001Vaccine,18,17,8.0,25.4,72.6,63,73,17.4,18,CARGA_EM_PERIGO
2026-08-24 19:09:30+00:00,ESP32Noris001Vaccine,18,18,8.25,26.0,71.2,57,75,18.0,19,CARGA_EM_PERIGO
2026-08-24 19:09:31+00:00,ESP32Noris001Vaccine,18,19,8.0,26.3,67.2,48,74,19.0,20,CARGA_EM_PERIGO
2026-08-24 19:09:32+00:00,ESP32Noris001Vaccine,18,20,8.0,26.4,68.7,54,74,18.5,21,CARGA_EM_PERIGO
2026-08-24 19:09:33+00:00,ESP32Noris001Vaccine,18,21,8.0,26.1,78.3,62,76,18.2,22,CARGA_EM_PERIGO
2026-08-24 19:09:34+00:00,ESP32Noris001Vaccine,18,22,8.0,25.3,74.4,65,72,18.3,23,CARGA_EM_PERIGO
2026-08-24 19:09:35+00:00,ESP32Noris001Vaccine,18,23,8.0,25.7,69.1,68,76,18.8,24,CARGA_EM_PERIGO
2026-08-24 19:09:36+00:00,ESP32Noris001Vaccine,18,24,7.75,25.1,79.2,65,75,18.7,25,CARGA_EM_PERIGO
2026-08-24 19:09:37+00:00,ESP32Noris001Vaccine,18,25,8.0,25.0,73.8,63,74,17.4,26,CARGA_EM_PERIGO
2026-08-24 19:09:38+00:00,ESP32Noris001Vaccine,18,26,7.75,24.5,72.5,77,72,17.3,27,CARGA_EM_PERIGO
2026-08-24 19:09:39+00:00,ESP32Noris001Vaccine,18,27,7.75,24.0,78.6,73,73,16.9,28,CARGA_EM_PERIGO
2026-08-24 19:09:40+00:00,ESP32Noris001Vaccine,18,28,7.75,24.0,76.7,72,74,17.3,29,CARGA_EM_PERIGO
2026-08-24 19:09:41+00:00,ESP32Noris001Vaccine,18,29,7.75,23.7,74.1,92,76,17.3,30,CARGA_EM_PERIGO
2026-08-24 19:09:42+00:00,ESP32Noris001Vaccine,18,30,7.75,23.1,73.8,85,73,17.0,31,CARGA_EM_PERIGO
2026-08-24 19:09:43+00:00,ESP32Noris001Vaccine,18,31,7.75,23.0,76.7,97,72,17.9,32,CARGA_EM_PERIGO
2026-08-24 19:09:44+00:00,ESP32Noris001Vaccine,18,32,7.5,23.7,75.7,87,74,17.2,33,CARGA_EM_PERIGO
2026-08-24 19:09:45+00:00,ESP32Noris001Vaccine,18,33,7.5,24.1,77.9,87,75,19.0,34,CARGA_EM_PERIGO
2026-08-24 19:09:46+00:00,ESP32Noris001Vaccine,18,34,7.5,24.6,73.1,88,75,16.8,35,CARGA_EM_PERIGO
2026-08-24 19:09:47+00:00,ESP32Noris001Vaccine,18,35,7.75,24.5,70.9,74,74,17.6,36,CARGA_EM_PERIGO
2026-08-24 19:09:48+00:00,ESP32Noris001Vaccine,18,36,7.75,25.5,71.8,67,72,16.8,37,CARGA_EM_PERIGO
2026-08-24 19:09:49+00:00,ESP32Noris001Vaccine,18,37,7.5,25.6,73.3,65,72,16.1,38,CARGA_EM_PERIGO
2026-08-24 19:09:50+00:00,ESP32Noris001Vaccine,18,38,7.5,26.0,75.5,56,73,15.1,39,CARGA_EM_PERIGO
2026-08-24 19:09:51+00:00,ESP32Noris001Vaccine,18,39,7.5,26.2,66.6,58,74,15.8,40,CARGA_EM_PERIGO
2026-08-24 19:09:52+00:00,ESP32Noris001Vaccine,18,40,7.5,26.6,72.0,48,76,15.5,41,CARGA_EM_PERIGO
2026-08-24 19:09:53+00:00,ESP32Noris001Vaccine,18,41,7.5,27.2,70.8,35,73,15.7,42,CARGA_EM_PERIGO
2026-08-24 19:12:03+00:00,ESP32Noris001Vaccine,19,0,2.25,21.9,80.3,81,70,14.7,1,CARGA_EM_PERIGO
2026-08-24 19:12:04+00:00,ESP32Noris001Vaccine,19,1,2.25,22.0,76.9,92,74,12.7,2,CARGA_EM_PERIGO
2026-08-24 19:12:05+00:00,ESP32Noris001Vaccine,19,2,2.25,22.6,76.6,81,73,13.4,3,CARGA_EM_PERIGO
2026-08-24 19:12:06+00:00,ESP32Noris001Vaccine,19,3,2.0,22.7,79.5,84,70,14.5,4,CARGA_EM_PERIGO
2026-08-24 19:12:07+00:00,ESP32Noris001Vaccine,19,4,2.25,23.5,79.9,83,72,13.0,5,CARGA_EM_PERIGO
2026-08-24 19:12:08+00:00,ESP32Noris001Vaccine,19,5,2.0,24.1,74.8,68,67,12.7,6,CARGA_EM_PERIGO
2026-08-24 19:12:09+00:00,ESP32Noris001Vaccine,19,6,2.0,24.5,73.7,68,72,11.1,7,CARGA_EM_PERIGO
2026-08-24 19:12:10+00:00,ESP32Noris001Vaccine,19,7,2.0,25.3,74.2,84,72,11.9,8,CARGA_EM_PERIGO
2026-08-24 19:12:11+00:00,ESP32Noris001Vaccine,19,8,2.0,25.9,72.8,82,73,10.6,9,CARGA_EM_PERIGO
2026-08-24 19:12:12+00:00,ESP32Noris001Vaccine,19,9,1.75,26.5,70.9,78,72,10.4,10,CARGA_EM_PERIGO
2026-08-24 19:12:13+00:00,ESP32Noris001Vaccine,19,10,2.0,26.7,69.7,74,74,9.8,11,CARGA_EM_PERIGO
2026-08-24 19:12:14+00:00,ESP32Noris001Vaccine,19,11,1.75,26.1,71.2,76,71,12.0,12,CARGA_EM_PERIGO
2026-08-24 19:12:15+00:00,ESP32Noris001Vaccine,19,12,2.0,25.0,80.3,78,70,11.2,13,CARGA_EM_PERIGO
2026-08-24 19:12:16+00:00,ESP32Noris001Vaccine,19,13,2.0,24.5,81.2,76,71,12.0,14,CARGA_EM_PERIGO
2026-08-24 19:12:17+00:00,ESP32Noris001Vaccine,19,14,1.75,24.1,71.2,84,71,13.0,15,CARGA_EM_PERIGO
2026-08-24 19:12:18+00:00,ESP32Noris001Vaccine,19,15,2.0,23.4,79.8,81,71,12.3,16,CARGA_EM_PERIGO
2026-08-24 19:12:19+00:00,ESP32Noris001Vaccine,19,16,2.0,22.6,70.6,89,71,13.9,17,CARGA_EM_PERIGO
2026-08-24 19:12:20+00:00,ESP32Noris001Vaccine,19,17,2.0,22.3,78.0,89,71,14.3,18,CARGA_EM_PERIGO
2026-08-24 19:12:21+00:00,ESP32Noris001Vaccine,19,18,2.0,21.4,72.3,87,69,13.8,19,CARGA_EM_PERIGO
2026-08-24 19:12:22+00:00,ESP32Noris001Vaccine,19,19,2.0,20.8,81.0,92,67,16.1,20,CARGA_EM_PERIGO
2026-08-24 19:12:23+00:00,ESP32Noris001Vaccine,19,20,2.0,21.1,79.0,91,69,15.7,21,CARGA_EM_PERIGO
2026-08-24 19:12:24+00:00,ESP32Noris001Vaccine,19,21,2.25,21.4,75.8,86,71,13.7,22,CARGA_EM_PERIGO
2026-08-24 19:12:25+00:00,ESP32Noris001Vaccine,19,22,2.25,21.7,80.0,95,72,13.7,23,CARGA_EM_PERIGO
2026-08-24 19:12:26+00:00,ESP32Noris001Vaccine,19,23,2.25,22.8,77.4,85,75,14.4,24,CARGA_EM_PERIGO
2026-08-24 19:12:27+00:00,ESP32Noris001Vaccine,19,24,2.5,22.8,73.5,76,72,14.1,25,CARGA_EM_PERIGO
2026-08-24 19:12:28+00:00,ESP32Noris001Vaccine,19,25,2.75,24.0,77.6,74,70,13.5,26,CARGA_EM_PERIGO
2026-08-24 19:12:29+00:00,ESP32Noris001Vaccine,19,26,2.75,24.7,69.8,85,70,13.2,27,CARGA_EM_PERIGO
2026-08-24 19:12:30+00:00,ESP32Noris001Vaccine,19,27,3.25,25.5,75.1,63,71,12.7,28,CARGA_EM_PERIGO
2026-08-24 19:12:31+00:00,ESP32Noris001Vaccine,19,28,3.25,25.9,73.6,59,71,12.6,29,CARGA_EM_PERIGO
2026-08-24 19:12:32+00:00,ESP32Noris001Vaccine,19,29,3.5,26.4,72.4,71,71,11.8,30,CARGA_EM_PERIGO
2026-08-24 19:12:33+00:00,ESP32Noris001Vaccine,19,30,3.25,26.5,72.9,62,72,10.2,31,CARGA_EM_PERIGO
2026-08-24 19:12:34+00:00,ESP32Noris001Vaccine,19,31,3.25,26.2,73.9,57,70,12.9,32,CARGA_EM_PERIGO
2026-08-24 19:12:35+00:00,ESP32Noris001Vaccine,19,32,3.25,26.2,71.5,58,73,11.6,33,CARGA_EM_PERIGO
2026-08-24 19:12:36+00:00,ESP32Noris001Vaccine,19,33,3.0,25.7,73.0,57,70,12.8,34,CARGA_EM_PERIGO
2026-08-24 19:12:37+00:00,ESP32Noris001Vaccine,19,34,3.0,25.7,70.2,49,71,13.7,35,CARGA_EM_PERIGO
2026-08-24 19:12:38+00:00,ESP32Noris001Vaccine,19,35,2.75,25.1,72.9,52,69,12.9,36,CARGA_EM_PERIGO
2026-08-24 19:12:39+00:00,ESP32Noris001Vaccine,19,36,2.75,24.7,73.9,48,74,11.5,37,CARGA_EM_PERIGO
2026-08-24 19:12:40+00:00,ESP32Noris001Vaccine,19,37,2.75,23.9,70.8,37,68,11.4,38,CARGA_EM_PERIGO
2026-08-24 19:12:41+00:00,ESP32Noris001Vaccine,19,38,2.75,24.2,72.0,30,73,12.2,39,CARGA_EM_PERIGO
2026-08-24 19:12:42+00:00,ESP32Noris001Vaccine,19,39,2.5,23.6,76.2,26,71,12.1,40,CARGA_EM_PERIGO
2026-08-24 19:15:46+00:00,ESP32Noris001Vaccine,20,0,2.25,21.5,80.3,87,75,14.1,1,CARGA_EM_PERIGO
2026-08-24 19:15:47+00:00,ESP32Noris001Vaccine,20,1,2.0,21.9,70.6,86,72,14.1,2,CARGA_EM_PERIGO
2026-08-24 19:15:48+00:00,ESP32Noris001Vaccine,20,2,2.25,22.9,78.4,76,71,14.9,3,CARGA_EM_PERIGO
2026-08-24 19:15:49+00:00,ESP32Noris001Vaccine,20,3,2.5,23.0,76.5,88,74,16.5,4,CARGA_EM_PERIGO
2026-08-24 19:15:50+00:00,ESP32Noris001Vaccine,20,4,2.5,24.0,73.8,94,77,16.4,5,CARGA_EM_PERIGO
2026-08-24 19:15:51+00:00,ESP32Noris001Vaccine,20,5,2.5,24.6,69.5,86,76,17.8,6,CARGA_EM_PERIGO
2026-08-24 19:15:52+00:00,ESP32Noris001Vaccine,20,6,2.75,25.5,70.9,85,75,17.9,7,CARGA_EM_PERIGO
2026-08-24 19:15:53+00:00,ESP32Noris001Vaccine,20,7,3.0,25.9,74.3,89,72,17.8,8,CARGA_EM_PERIGO
2026-08-24 19:15:54+00:00,ESP32Noris001Vaccine,20,8,3.0,26.5,71.1,98,75,18.9,9,CARGA_EM_PERIGO
2026-08-24 19:15:55+00:00,ESP32Noris001Vaccine,20,9,3.0,26.7,69.7,84,74,19.2,10,CARGA_EM_PERIGO
2026-08-24 19:15:56+00:00,ESP32Noris001Vaccine,20,10,3.25,26.1,70.8,78,77,19.6,11,CARGA_EM_PERIGO
2026-08-24 19:15:57+00:00,ESP32Noris001Vaccine,20,11,3.25,26.1,70.4,77,73,17.5,12,CARGA_EM_PERIGO
2026-08-24 19:15:58+00:00,ESP32Noris001Vaccine,20,12,3.25,25.0,71.3,59,75,16.6,13,CARGA_EM_PERIGO
2026-08-24 19:15:59+00:00,ESP32Noris001Vaccine,20,13,3.0,24.6,74.5,65,74,16.6,14,CARGA_EM_PERIGO
2026-08-24 19:16:00+00:00,ESP32Noris001Vaccine,20,14,3.0,23.9,73.3,55,72,15.4,15,CARGA_EM_PERIGO
2026-08-24 19:16:01+00:00,ESP32Noris001Vaccine,20,15,3.25,23.9,76.2,41,74,14.6,16,CARGA_EM_PERIGO
2026-08-24 19:16:02+00:00,ESP32Noris001Vaccine,20,16,3.25,23.3,76.8,55,75,13.6,17,CARGA_EM_PERIGO
2026-08-24 19:16:03+00:00,ESP32Noris001Vaccine,20,17,3.25,22.4,75.7,28,75,13.8,18,CARGA_EM_PERIGO
2026-08-24 19:16:04+00:00,ESP32Noris001Vaccine,20,18,3.25,22.5,78.8,36,71,13.3,19,CARGA_EM_PERIGO
2026-08-24 19:16:05+00:00,ESP32Noris001Vaccine,20,19,3.0,23.5,74.8,37,73,12.2,20,CARGA_EM_PERIGO
2026-08-24 19:16:06+00:00,ESP32Noris001Vaccine,20,20,3.25,24.0,76.5,33,77,12.5,21,CARGA_EM_PERIGO
2026-08-24 19:16:07+00:00,ESP32Noris001Vaccine,20,21,3.25,24.1,76.4,31,74,12.5,22,CARGA_EM_PERIGO
2026-08-24 19:16:08+00:00,ESP32Noris001Vaccine,20,22,3.0,24.2,78.0,33,72,13.2,23,CARGA_EM_PERIGO
2026-08-24 19:16:09+00:00,ESP32Noris001Vaccine,20,23,2.75,25.3,69.3,38,74,12.0,24,CARGA_EM_PERIGO
2026-08-24 19:16:10+00:00,ESP32Noris001Vaccine,20,24,2.5,25.8,64.7,44,74,11.4,25,CARGA_EM_PERIGO
2026-08-24 19:16:11+00:00,ESP32Noris001Vaccine,20,25,2.5,26.1,73.2,41,73,13.3,26,CARGA_EM_PERIGO
2026-08-24 19:16:12+00:00,ESP32Noris001Vaccine,20,26,2.5,26.3,70.0,39,73,12.4,27,CARGA_EM_PERIGO
2026-08-24 19:16:13+00:00,ESP32Noris001Vaccine,20,27,2.5,26.2,72.0,33,72,12.9,28,CARGA_EM_PERIGO
2026-08-24 19:16:14+00:00,ESP32Noris001Vaccine,20,28,2.75,25.7,73.4,34,75,12.0,29,CARGA_EM_PERIGO
2026-08-24 19:16:15+00:00,ESP32Noris001Vaccine,20,29,2.5,25.4,75.8,38,74,13.2,30,CARGA_EM_PERIGO
2026-08-24 19:16:16+00:00,ESP32Noris001Vaccine,20,30,2.75,24.9,76.4,31,76,12.9,31,CARGA_EM_PERIGO
2026-08-24 19:16:17+00:00,ESP32Noris001Vaccine,20,31,2.75,24.5,73.8,30,74,13.6,32,CARGA_EM_PERIGO
2026-08-24 19:16:18+00:00,ESP32Noris001Vaccine,20,32,3.0,23.7,77.2,31,73,12.6,33,CARGA_EM_PERIGO
2026-08-24 19:16:19+00:00,ESP32Noris001Vaccine,20,33,3.0,23.5,73.1,37,74,12.6,34,CARGA_EM_PERIGO
2026-08-24 19:16:20+00:00,ESP32Noris001Vaccine,20,34,3.0,23.0,77.7,40,74,13.2,35,CARGA_EM_PERIGO
2026-08-24 19:16:21+00:00,ESP32Noris001Vaccine,20,35,2.75,22.5,73.7,28,75,12.4,36,CARGA_EM_PERIGO
2026-08-24 19:20:50+00:00,ESP32Noris001Vaccine,21,0,3.5,28.1,66.8,3234,39,53.6,0,CARGA_EM_PERIGO
2026-08-24 19:20:51+00:00,ESP32Noris001Vaccine,21,1,4.0,28.2,68.1,3199,40,53.3,0,CARGA_EM_PERIGO
2026-08-24 19:20:52+00:00,ESP32Noris001Vaccine,21,2,4.0,28.6,69.8,3079,38,51.5,0,CARGA_EM_PERIGO
2026-08-24 19:20:53+00:00,ESP32Noris001Vaccine,21,3,4.0,28.6,66.9,3043,39,50.4,0,CARGA_EM_PERIGO
2026-08-24 19:20:54+00:00,ESP32Noris001Vaccine,21,4,4.0,29.0,70.5,3173,36,49.6,0,CARGA_EM_PERIGO
2026-08-24 19:20:55+00:00,ESP32Noris001Vaccine,21,5,4.0,29.3,66.8,3003,39,47.9,0,CARGA_EM_PERIGO
2026-08-24 19:20:56+00:00,ESP32Noris001Vaccine,21,6,4.25,28.9,65.6,2941,38,46.3,0,CARGA_EM_PERIGO
2026-08-24 19:20:57+00:00,ESP32Noris001Vaccine,21,7,4.0,28.8,69.3,2939,38,44.3,0,CARGA_EM_PERIGO
2026-08-24 19:20:58+00:00,ESP32Noris001Vaccine,21,8,4.0,28.8,70.0,2846,41,43.3,0,CARGA_EM_PERIGO
2026-08-24 19:20:59+00:00,ESP32Noris001Vaccine,21,9,4.25,28.8,68.9,2862,40,42.7,0,CARGA_EM_PERIGO
2026-08-24 19:21:00+00:00,ESP32Noris001Vaccine,21,10,4.5,28.6,67.0,2935,38,42.0,0,CARGA_EM_PERIGO
2026-08-24 19:21:01+00:00,ESP32Noris001Vaccine,21,11,4.75,28.3,65.5,3002,38,41.6,0,CARGA_EM_PERIGO
2026-08-24 19:21:02+00:00,ESP32Noris001Vaccine,21,12,5.0,28.1,75.3,3030,39,42.7,0,CARGA_EM_PERIGO
2026-08-24 19:21:03+00:00,ESP32Noris001Vaccine,21,13,5.0,27.5,73.7,3142,38,41.2,0,CARGA_EM_PERIGO
2026-08-24 19:21:04+00:00,ESP32Noris001Vaccine,21,14,5.0,27.3,66.1,3174,38,41.8,0,CARGA_EM_PERIGO
2026-08-24 19:21:05+00:00,ESP32Noris001Vaccine,21,15,5.25,27.6,72.1,3227,40,41.4,0,CARGA_EM_PERIGO
2026-08-24 19:21:06+00:00,ESP32Noris001Vaccine,21,16,5.25,27.1,70.0,3281,40,41.7,0,CARGA_EM_PERIGO
2026-08-24 19:21:07+00:00,ESP32Noris001Vaccine,21,17,5.5,26.7,70.3,3350,40,41.9,0,CARGA_EM_PERIGO
2026-08-24 19:21:08+00:00,ESP32Noris001Vaccine,21,18,5.5,26.7,71.4,3371,40,42.2,0,CARGA_EM_PERIGO
2026-08-24 19:21:09+00:00,ESP32Noris001Vaccine,21,19,5.25,26.8,72.6,3280,41,43.3,0,CARGA_EM_PERIGO
2026-08-24 19:21:10+00:00,ESP32Noris001Vaccine,21,20,5.25,26.4,73.7,3168,39,45.0,0,CARGA_EM_PERIGO
2026-08-24 19:21:11+00:00,ESP32Noris001Vaccine,21,21,5.25,26.3,72.8,3213,40,45.2,0,CARGA_EM_PERIGO
2026-08-24 19:21:12+00:00,ESP32Noris001Vaccine,21,22,5.25,26.1,64.7,3079,38,46.9,0,CARGA_EM_PERIGO
2026-08-24 19:21:13+00:00,ESP32Noris001Vaccine,21,23,5.5,26.3,70.8,2949,40,47.7,0,CARGA_EM_PERIGO
2026-08-24 19:21:14+00:00,ESP32Noris001Vaccine,21,24,5.5,26.0,73.0,2969,42,49.2,0,CARGA_EM_PERIGO
2026-08-24 19:21:15+00:00,ESP32Noris001Vaccine,21,25,5.5,25.7,77.3,2859,40,48.7,0,CARGA_EM_PERIGO
2026-08-24 19:21:16+00:00,ESP32Noris001Vaccine,21,26,5.5,25.8,70.0,2837,38,48.6,0,CARGA_EM_PERIGO
2026-08-24 19:21:17+00:00,ESP32Noris001Vaccine,21,27,5.25,26.0,70.9,2882,42,45.4,0,CARGA_EM_PERIGO
2026-08-24 19:21:18+00:00,ESP32Noris001Vaccine,21,28,5.25,26.3,69.2,2902,38,42.0,0,CARGA_EM_PERIGO
2026-08-24 19:21:19+00:00,ESP32Noris001Vaccine,21,29,5.25,26.7,71.1,2880,37,40.4,0,CARGA_EM_PERIGO
2026-08-24 19:21:20+00:00,ESP32Noris001Vaccine,21,30,5.25,26.6,68.0,2782,37,37.4,0,CARGA_EM_PERIGO
2026-08-24 19:21:21+00:00,ESP32Noris001Vaccine,21,31,5.25,26.9,69.0,2788,39,33.4,0,CARGA_EM_PERIGO
2026-08-24 19:21:22+00:00,ESP32Noris001Vaccine,21,32,5.25,26.8,74.2,2937,41,32.0,0,CARGA_EM_PERIGO
2026-08-24 19:21:23+00:00,ESP32Noris001Vaccine,21,33,5.25,26.7,71.3,2838,40,28.5,0,CARGA_EM_PERIGO
2026-08-24 19:21:24+00:00,ESP32Noris001Vaccine,21,34,5.25,27.1,71.6,2881,40,25.0,0,CARGA_EM_PERIGO
2026-08-24 19:25:36+00:00,ESP32Noris001Vaccine,22,0,6.25,40.1,52.1,3185,42,45.6,0,CARGA_EM_PERIGO
2026-08-24 19:25:37+00:00,ESP32Noris001Vaccine,22,1,6.25,39.5,50.9,3073,41,46.4,0,CARGA_EM_PERIGO
2026-08-24 19:25:38+00:00,ESP32Noris001Vaccine,22,2,6.0,39.3,51.0,2966,41,48.3,0,CARGA_EM_PERIGO
2026-08-24 19:25:39+00:00,ESP32Noris001Vaccine,22,3,6.0,39.1,53.6,3006,43,50.9,0,CARGA_EM_PERIGO
2026-08-24 19:25:40+00:00,ESP32Noris001Vaccine,22,4,6.0,39.6,52.6,2954,44,53.0,0,CARGA_EM_PERIGO
2026-08-24 19:25:41+00:00,ESP32Noris001Vaccine,22,5,6.0,39.0,48.9,3013,39,53.2,0,CARGA_EM_PERIGO
2026-08-24 19:25:42+00:00,ESP32Noris001Vaccine,22,6,6.0,38.9,54.4,2777,42,55.1,0,CARGA_EM_PERIGO
2026-08-24 19:25:43+00:00,ESP32Noris001Vaccine,22,7,5.75,39.0,53.1,2898,42,56.3,0,CARGA_EM_PERIGO
2026-08-24 19:25:44+00:00,ESP32Noris001Vaccine,22,8,5.5,38.8,50.6,2961,40,56.9,0,CARGA_EM_PERIGO
2026-08-24 19:25:45+00:00,ESP32Noris001Vaccine,22,9,5.75,39.3,55.3,2929,41,59.7,0,CARGA_EM_PERIGO
2026-08-24 19:25:46+00:00,ESP32Noris001Vaccine,22,10,5.5,39.0,56.1,2855,40,61.1,0,CARGA_EM_PERIGO
2026-08-24 19:25:47+00:00,ESP32Noris001Vaccine,22,11,5.5,39.4,53.1,2702,41,60.8,0,CARGA_EM_PERIGO
2026-08-24 19:25:48+00:00,ESP32Noris001Vaccine,22,12,5.5,38.9,52.3,2832,41,58.4,0,CARGA_EM_PERIGO
2026-08-24 19:25:49+00:00,ESP32Noris001Vaccine,22,13,5.5,38.8,57.3,2739,41,55.1,0,CARGA_EM_PERIGO
2026-08-24 19:25:50+00:00,ESP32Noris001Vaccine,22,14,5.25,38.7,53.0,2837,38,52.8,0,CARGA_EM_PERIGO
2026-08-24 19:25:51+00:00,ESP32Noris001Vaccine,22,15,5.5,38.0,51.7,2760,40,50.4,0,CARGA_EM_PERIGO
2026-08-24 19:25:52+00:00,ESP32Noris001Vaccine,22,16,5.25,37.9,58.2,2686,38,47.8,0,CARGA_EM_PERIGO
2026-08-24 19:25:53+00:00,ESP32Noris001Vaccine,22,17,5.25,37.6,54.8,2669,38,44.3,0,CARGA_EM_PERIGO
2026-08-24 19:25:54+00:00,ESP32Noris001Vaccine,22,18,5.25,37.1,55.8,2726,40,42.4,0,CARGA_EM_PERIGO
2026-08-24 19:25:55+00:00,ESP32Noris001Vaccine,22,19,5.25,36.3,62.3,2675,41,40.7,0,CARGA_EM_PERIGO
2026-08-24 19:25:56+00:00,ESP32Noris001Vaccine,22,20,5.25,36.7,54.7,2635,41,37.7,0,CARGA_EM_PERIGO
2026-08-24 19:25:57+00:00,ESP32Noris001Vaccine,22,21,5.25,35.6,59.9,2692,42,36.6,0,CARGA_EM_PERIGO
2026-08-24 19:25:58+00:00,ESP32Noris001Vaccine,22,22,5.25,35.9,59.1,2640,41,38.7,0,CARGA_EM_PERIGO
2026-08-24 19:25:59+00:00,ESP32Noris001Vaccine,22,23,5.25,36.1,56.0,2809,41,41.5,0,CARGA_EM_PERIGO
2026-08-24 19:26:00+00:00,ESP32Noris001Vaccine,22,24,5.0,36.3,59.3,2839,40,43.8,0,CARGA_EM_PERIGO
2026-08-24 19:26:01+00:00,ESP32Noris001Vaccine,22,25,5.25,35.9,54.6,2776,42,46.6,0,CARGA_EM_PERIGO
2026-08-24 19:26:02+00:00,ESP32Noris001Vaccine,22,26,5.25,36.4,55.1,2907,44,47.6,0,CARGA_EM_PERIGO
2026-08-24 19:26:03+00:00,ESP32Noris001Vaccine,22,27,5.25,36.5,57.0,2928,40,51.1,0,CARGA_EM_PERIGO
2026-08-24 19:26:04+00:00,ESP32Noris001Vaccine,22,28,5.25,36.2,57.6,2920,41,54.1,0,CARGA_EM_PERIGO
2026-08-24 19:26:05+00:00,ESP32Noris001Vaccine,22,29,5.25,36.7,53.8,2870,41,57.6,0,CARGA_EM_PERIGO
2026-08-24 19:26:06+00:00,ESP32Noris001Vaccine,22,30,5.25,36.3,53.6,3062,42,60.5,0,CARGA_EM_PERIGO
2026-08-24 19:26:07+00:00,ESP32Noris001Vaccine,22,31,5.0,36.9,54.2,3035,39,61.9,0,CARGA_EM_PERIGO
2026-08-24 19:26:08+00:00,ESP32Noris001Vaccine,22,32,5.25,36.4,54.9,3045,40,63.8,0,CARGA_EM_PERIGO
2026-08-24 19:26:09+00:00,ESP32Noris001Vaccine,22,33,5.0,36.3,59.6,3045,41,63.4,0,CARGA_EM_PERIGO
2026-08-24 19:26:10+00:00,ESP32Noris001Vaccine,22,34,5.25,36.3,58.4,3174,43,62.0,0,CARGA_EM_PERIGO
2026-08-24 19:26:11+00:00,ESP32Noris001Vaccine,22,35,5.5,36.5,55.0,3081,43,61.8,0,CARGA_EM_PERIGO
2026-08-24 19:26:12+00:00,ESP32Noris001Vaccine,22,36,5.5,36.0,55.3,3193,40,61.3,0,CARGA_EM_PERIGO
2026-08-24 19:26:13+00:00,ESP32Noris001Vaccine,22,37,5.75,35.4,56.0,3144,40,61.1,0,CARGA_EM_PERIGO
2026-08-24 19:26:14+00:00,ESP32Noris001Vaccine,22,38,5.75,35.8,52.5,3168,40,60.3,0,CARGA_EM_PERIGO
2026-08-24 19:26:15+00:00,ESP32Noris001Vaccine,22,39,5.75,35.5,54.6,3279,44,58.8,0,CARGA_EM_PERIGO
2026-08-24 19:26:16+00:00,ESP32Noris001Vaccine,22,40,5.75,35.1,53.6,3270,40,59.3,0,CARGA_EM_PERIGO
2026-08-24 19:26:17+00:00,ESP32Noris001Vaccine,22,41,6.25,35.2,60.4,3400,41,58.0,0,CARGA_EM_PERIGO
2026-08-24 19:26:18+00:00,ESP32Noris001Vaccine,22,42,6.0,34.6,57.5,3328,39,58.4,0,CARGA_EM_PERIGO
2026-08-24 19:28:55+00:00,ESP32Noris001Vaccine,23,0,3.75,24.1,73.6,1729,17,22.4,0,CARGA_EM_PERIGO
2026-08-24 19:28:56+00:00,ESP32Noris001Vaccine,23,1,4.0,23.5,73.3,1693,19,22.4,0,CARGA_EM_PERIGO
2026-08-24 19:28:57+00:00,ESP32Noris001Vaccine,23,2,4.0,23.7,78.9,1670,16,23.7,0,CARGA_EM_PERIGO
2026-08-24 19:28:58+00:00,ESP32Noris001Vaccine,23,3,4.0,23.0,74.7,1660,19,22.4,0,CARGA_EM_PERIGO
2026-08-24 19:28:59+00:00,ESP32Noris001Vaccine,23,4,4.0,22.8,68.3,1617,16,24.7,0,CARGA_EM_PERIGO
2026-08-24 19:29:00+00:00,ESP32Noris001Vaccine,23,5,4.0,22.8,80.0,1598,19,25.1,0,CARGA_EM_PERIGO
2026-08-24 19:29:01+00:00,ESP32Noris001Vaccine,23,6,4.0,22.1,81.7,1562,15,25.5,0,CARGA_EM_PERIGO
2026-08-24 19:29:02+00:00,ESP32Noris001Vaccine,23,7,4.25,22.2,73.0,1616,13,25.0,0,CARGA_EM_PERIGO
2026-08-24 19:29:03+00:00,ESP32Noris001Vaccine,23,8,4.0,22.2,76.0,1544,16,25.1,0,CARGA_EM_PERIGO
2026-08-24 19:29:04+00:00,ESP32Noris001Vaccine,23,9,4.0,22.0,79.1,1398,16,27.3,0,CARGA_EM_PERIGO
2026-08-24 19:29:05+00:00,ESP32Noris001Vaccine,23,10,4.0,21.6,77.6,1514,17,26.5,0,CARGA_EM_PERIGO
2026-08-24 19:29:06+00:00,ESP32Noris001Vaccine,23,11,4.25,22.3,77.7,1347,16,27.2,0,CARGA_EM_PERIGO
2026-08-24 19:29:07+00:00,ESP32Noris001Vaccine,23,12,4.5,22.6,80.0,1309,14,26.9,0,CARGA_EM_PERIGO
2026-08-24 19:29:08+00:00,ESP32Noris001Vaccine,23,13,4.75,23.3,73.2,1426,16,28.5,0,CARGA_EM_PERIGO
2026-08-24 19:29:09+00:00,ESP32Noris001Vaccine,23,14,5.0,23.5,74.5,1434,19,28.1,0,CARGA_EM_PERIGO
2026-08-24 19:29:10+00:00,ESP32Noris001Vaccine,23,15,5.5,24.4,74.7,1341,19,28.5,0,CARGA_EM_PERIGO
2026-08-24 19:29:11+00:00,ESP32Noris001Vaccine,23,16,5.25,24.2,77.9,1382,18,28.8,0,CARGA_EM_PERIGO
2026-08-24 19:29:12+00:00,ESP32Noris001Vaccine,23,17,5.75,24.9,72.7,1318,15,28.9,0,CARGA_EM_PERIGO
2026-08-24 19:29:13+00:00,ESP32Noris001Vaccine,23,18,6.0,24.6,73.1,1298,19,30.5,0,CARGA_EM_PERIGO
2026-08-24 19:29:14+00:00,ESP32Noris001Vaccine,23,19,6.25,25.9,74.4,1319,18,29.7,0,CARGA_EM_PERIGO
2026-08-24 19:29:15+00:00,ESP32Noris001Vaccine,23,20,6.0,25.6,74.7,1217,17,29.2,0,CARGA_EM_PERIGO
2026-08-24 19:29:16+00:00,ESP32Noris001Vaccine,23,21,5.75,25.2,72.6,1232,17,26.7,0,CARGA_EM_PERIGO
2026-08-24 19:29:17+00:00,ESP32Noris001Vaccine,23,22,5.5,24.9,76.9,1319,21,25.2,0,CARGA_EM_PERIGO
2026-08-24 19:29:18+00:00,ESP32Noris001Vaccine,23,23,5.25,24.2,69.9,1237,17,25.3,0,CARGA_EM_PERIGO
2026-08-24 19:29:19+00:00,ESP32Noris001Vaccine,23,24,5.0,24.1,73.5,1111,17,23.9,0,CARGA_EM_PERIGO
2026-08-24 19:29:20+00:00,ESP32Noris001Vaccine,23,25,5.0,23.8,73.1,1179,18,22.4,0,CARGA_EM_PERIGO
2026-08-24 19:29:21+00:00,ESP32Noris001Vaccine,23,26,5.0,23.9,74.5,1201,15,22.6,0,CARGA_EM_PERIGO
2026-08-24 19:29:22+00:00,ESP32Noris001Vaccine,23,27,4.75,22.9,76.7,1057,20,20.3,0,CARGA_EM_PERIGO
2026-08-24 19:29:23+00:00,ESP32Noris001Vaccine,23,28,4.5,22.5,76.5,1213,16,18.8,0,CARGA_EM_PERIGO
2026-08-24 19:29:24+00:00,ESP32Noris001Vaccine,23,29,4.75,21.7,80.8,1203,14,18.5,0,CARGA_EM_PERIGO
2026-08-24 19:29:25+00:00,ESP32Noris001Vaccine,23,30,4.75,22.9,77.6,1270,15,18.7,0,CARGA_EM_PERIGO
2026-08-24 19:29:26+00:00,ESP32Noris001Vaccine,23,31,4.75,23.3,76.5,1156,19,19.8,0,CARGA_EM_PERIGO
2026-08-24 19:29:27+00:00,ESP32Noris001Vaccine,23,32,5.0,23.6,72.0,1317,17,19.0,0,CARGA_EM_PERIGO
2026-08-24 19:29:28+00:00,ESP32Noris001Vaccine,23,33,5.25,24.2,70.1,1225,15,19.9,0,CARGA_EM_PERIGO
2026-08-24 19:29:29+00:00,ESP32Noris001Vaccine,23,34,5.5,24.6,70.8,1114,17,19.3,0,CARGA_EM_PERIGO
2026-08-24 19:29:30+00:00,ESP32Noris001Vaccine,23,35,5.5,25.3,72.5,1209,14,19.6,0,CARGA_EM_PERIGO
2026-08-24 19:29:31+00:00,ESP32Noris001Vaccine,23,36,5.75,25.5,75.4,1282,18,20.8,0,CARGA_EM_PERIGO
2026-08-24 19:29:32+00:00,ESP32Noris001Vaccine,23,37,6.0,25.6,72.1,1205,19,21.6,0,CARGA_EM_PERIGO
2026-08-24 19:29:33+00:00,ESP32Noris001Vaccine,23,38,6.0,26.1,72.7,1320,16,21.6,0,CARGA_EM_PERIGO
2026-08-24 19:33:15+00:00,ESP32Noris001Vaccine,24,0,6.25,27.7,69.2,2069,30,31.9,0,CARGA_EM_PERIGO
2026-08-24 19:33:16+00:00,ESP32Noris001Vaccine,24,1,6.5,27.1,70.0,1954,30,30.9,0,CARGA_EM_PERIGO
2026-08-24 19:33:17+00:00,ESP32Noris001Vaccine,24,2,6.25,27.2,74.6,1856,31,28.5,0,CARGA_EM_PERIGO
2026-08-24 19:33:18+00:00,ESP32Noris001Vaccine,24,3,6.25,26.7,69.7,1924,33,28.5,0,CARGA_EM_PERIGO
2026-08-24 19:33:19+00:00,ESP32Noris001Vaccine,24,4,6.5,27.0,71.0,1788,27,28.0,0,CARGA_EM_PERIGO
2026-08-24 19:33:20+00:00,ESP32Noris001Vaccine,24,5,6.25,26.7,72.4,1669,29,27.5,0,CARGA_EM_PERIGO
2026-08-24 19:33:21+00:00,ESP32Noris001Vaccine,24,6,6.5,26.6,69.6,1633,26,25.8,0,CARGA_EM_PERIGO
2026-08-24 19:33:22+00:00,ESP32Noris001Vaccine,24,7,6.5,26.2,70.3,1596,31,24.1,0,CARGA_EM_PERIGO
2026-08-24 19:33:23+00:00,ESP32Noris001Vaccine,24,8,6.25,26.2,73.3,1407,32,23.0,0,CARGA_EM_PERIGO
2026-08-24 19:33:24+00:00,ESP32Noris001Vaccine,24,9,6.25,25.8,71.5,1435,29,22.8,0,CARGA_EM_PERIGO
2026-08-24 19:33:25+00:00,ESP32Noris001Vaccine,24,10,6.5,25.9,69.5,1410,31,22.8,0,CARGA_EM_PERIGO
2026-08-24 19:33:26+00:00,ESP32Noris001Vaccine,24,11,6.25,25.5,77.0,1629,31,21.8,0,CARGA_EM_PERIGO
2026-08-24 19:33:27+00:00,ESP32Noris001Vaccine,24,12,6.0,25.4,72.6,1605,29,22.7,0,CARGA_EM_PERIGO
2026-08-24 19:33:28+00:00,ESP32Noris001Vaccine,24,13,6.25,24.4,72.9,1754,31,22.2,0,CARGA_EM_PERIGO
2026-08-24 19:33:29+00:00,ESP32Noris001Vaccine,24,14,6.5,24.1,72.4,1797,32,22.4,0,CARGA_EM_PERIGO
2026-08-24 19:33:30+00:00,ESP32Noris001Vaccine,24,15,6.25,24.2,72.3,1812,35,23.4,0,CARGA_EM_PERIGO
2026-08-24 19:33:31+00:00,ESP32Noris001Vaccine,24,16,6.25,24.0,79.9,1899,30,23.1,0,CARGA_EM_PERIGO
2026-08-24 19:33:32+00:00,ESP32Noris001Vaccine,24,17,6.25,23.2,73.2,1917,30,24.2,0,CARGA_EM_PERIGO
2026-08-24 19:33:33+00:00,ESP32Noris001Vaccine,24,18,6.0,22.9,74.7,1879,32,22.9,0,CARGA_EM_PERIGO
2026-08-24 19:33:34+00:00,ESP32Noris001Vaccine,24,19,6.0,23.4,76.2,2007,30,24.3,0,CARGA_EM_PERIGO
2026-08-24 19:33:35+00:00,ESP32Noris001Vaccine,24,20,6.0,24.1,70.8,1883,29,26.0,0,CARGA_EM_PERIGO
2026-08-24 19:33:36+00:00,ESP32Noris001Vaccine,24,21,6.0,24.5,74.5,1805,31,25.8,0,CARGA_EM_PERIGO
2026-08-24 19:33:37+00:00,ESP32Noris001Vaccine,24,22,6.0,25.2,73.5,1798,28,27.4,0,CARGA_EM_PERIGO
2026-08-24 19:33:38+00:00,ESP32Noris001Vaccine,24,23,5.75,25.3,75.8,1876,30,27.8,0,CARGA_EM_PERIGO
2026-08-24 19:33:39+00:00,ESP32Noris001Vaccine,24,24,6.0,25.6,69.4,1677,28,28.9,0,CARGA_EM_PERIGO
2026-08-24 19:33:40+00:00,ESP32Noris001Vaccine,24,25,5.75,26.5,68.8,1723,32,29.3,0,CARGA_EM_PERIGO
2026-08-24 19:33:41+00:00,ESP32Noris001Vaccine,24,26,5.75,26.4,71.2,1680,30,31.1,0,CARGA_EM_PERIGO
2026-08-24 19:33:42+00:00,ESP32Noris001Vaccine,24,27,5.75,27.5,70.7,1680,30,31.4,0,CARGA_EM_PERIGO
2026-08-24 19:33:43+00:00,ESP32Noris001Vaccine,24,28,5.75,27.3,73.1,1629,30,30.0,0,CARGA_EM_PERIGO
2026-08-24 19:33:44+00:00,ESP32Noris001Vaccine,24,29,5.5,27.3,68.6,1719,27,31.5,0,CARGA_EM_PERIGO
2026-08-24 19:33:45+00:00,ESP32Noris001Vaccine,24,30,5.5,27.0,70.5,1657,29,31.2,0,CARGA_EM_PERIGO
2026-08-24 19:33:46+00:00,ESP32Noris001Vaccine,24,31,5.75,26.8,64.8,1812,27,30.5,0,CARGA_EM_PERIGO
2026-08-24 19:33:47+00:00,ESP32Noris001Vaccine,24,32,5.5,27.0,70.7,1658,30,31.1,0,CARGA_EM_PERIGO
2026-08-24 19:33:48+00:00,ESP32Noris001Vaccine,24,33,5.5,27.0,66.7,1778,30,29.9,0,CARGA_EM_PERIGO
2026-08-24 19:33:49+00:00,ESP32Noris001Vaccine,24,34,5.5,27.4,72.8,1639,28,29.8,0,CARGA_EM_PERIGO
2026-08-24 19:33:50+00:00,ESP32Noris001Vaccine,24,35,5.5,27.0,70.9,1908,32,30.3,0,CARGA_EM_PERIGO
2026-08-24 19:33:51+00:00,ESP32Noris001Vaccine,24,36,5.25,27.1,69.1,1833,29,29.7,0,CARGA_EM_PERIGO
