ts_epoch_ms,label,rodada,janela,mean_ax,mean_ay,mean_az,std_ax,std_ay,std_az,std_mag,p2p_mag
1749760000000,operando,1,1,0.021,-0.073,0.997,0.09,0.079,0.037,0.037,0.203
1749760001000,operando,1,2,0.009,-0.022,1.0,0.039,0.062,0.056,0.056,0.304
1749760002000,operando,1,3,0.005,0.079,0.997,0.061,0.046,0.069,0.069,0.314
1749760003000,operando,1,4,0.061,-0.003,0.998,0.083,0.055,0.098,0.098,0.528
1749760004000,operando,1,5,-0.03,-0.025,0.999,0.063,0.033,0.041,0.041,0.212
1749760005000,operando,1,6,0.149,-0.028,0.988,0.053,0.056,0.063,0.063,0.294
1749760006000,operando,1,7,-0.008,-0.059,0.998,0.046,0.077,0.061,0.061,0.323
1749760007000,operando,1,8,-0.082,0.038,0.996,0.088,0.086,0.057,0.057,0.275
1749760008000,operando,1,9,0.061,0.016,0.998,0.044,0.031,0.085,0.085,0.439
1749760009000,operando,1,10,-0.102,-0.022,0.995,0.062,0.07,0.04,0.04,0.185
1749760010000,operando,1,11,-0.06,0.068,0.996,0.07,0.084,0.074,0.074,0.376
1749760011000,operando,1,12,0.05,0.055,0.997,0.032,0.061,0.045,0.045,0.221
1749760012000,operando,1,13,-0.089,-0.079,0.993,0.034,0.05,0.051,0.05,0.26
1749760013000,operando,1,14,-0.03,0.011,0.999,0.077,0.058,0.087,0.087,0.406
1749760014000,operando,1,15,-0.025,-0.027,0.999,0.081,0.062,0.041,0.041,0.207
1749760015000,operando,1,16,0.034,0.031,0.999,0.061,0.057,0.051,0.051,0.262
1749760016000,operando,1,17,-0.118,-0.101,0.988,0.038,0.097,0.094,0.093,0.484
1749760017000,operando,1,18,-0.026,0.091,0.996,0.085,0.08,0.061,0.062,0.294
1749760018000,operando,1,19,-0.066,-0.024,0.998,0.062,0.044,0.051,0.051,0.261
1749760019000,operando,1,20,-0.041,-0.101,0.994,0.083,0.08,0.06,0.061,0.31
1749760020000,operando,1,21,0.112,-0.017,0.994,0.036,0.059,0.033,0.033,0.165
1749760021000,operando,1,22,0.058,0.025,0.998,0.037,0.071,0.042,0.042,0.228
1749760022000,operando,1,23,-0.027,-0.096,0.995,0.071,0.032,0.097,0.097,0.482
1749760023000,operando,1,24,0.022,0.058,0.998,0.064,0.064,0.096,0.096,0.485
1749760024000,operando,1,25,-0.148,0.019,0.989,0.053,0.066,0.061,0.061,0.274
1749760025000,operando,1,26,0.074,0.011,0.997,0.04,0.069,0.038,0.038,0.195
1749760026000,operando,1,27,-0.004,0.123,0.992,0.084,0.038,0.094,0.094,0.442
1749760027000,operando,1,28,-0.067,-0.051,0.996,0.056,0.088,0.087,0.086,0.417
1749760028000,operando,1,29,0.065,0.027,0.998,0.066,0.048,0.096,0.095,0.445
1749760029000,operando,1,30,-0.032,-0.085,0.996,0.099,0.092,0.082,0.082,0.445
1749760030000,inclinado_frente,1,1,0.415,0.02,0.91,0.052,0.084,0.076,0.073,0.354
1749760031000,inclinado_frente,1,2,0.45,0.107,0.888,0.048,0.096,0.047,0.048,0.222
1749760032000,inclinado_frente,1,3,0.528,-0.013,0.849,0.043,0.072,0.091,0.081,0.379
1749760033000,inclinado_frente,1,4,0.365,0.045,0.93,0.098,0.065,0.04,0.052,0.234
1749760034000,inclinado_frente,1,5,0.509,0.006,0.86,0.077,0.039,0.065,0.069,0.357
1749760035000,inclinado_frente,1,6,0.344,-0.061,0.937,0.086,0.08,0.082,0.082,0.381
1749760036000,inclinado_frente,1,7,0.392,-0.023,0.92,0.064,0.076,0.097,0.093,0.443
1749760037000,inclinado_frente,1,8,0.378,-0.016,0.926,0.069,0.074,0.037,0.043,0.201
1749760038000,inclinado_frente,1,9,0.437,0.175,0.886,0.072,0.095,0.086,0.084,0.417
1749760039000,inclinado_frente,1,10,0.385,0.022,0.923,0.038,0.088,0.086,0.08,0.381
1749760040000,inclinado_frente,1,11,0.412,-0.074,0.909,0.091,0.072,0.059,0.065,0.319
1749760041000,inclinado_frente,1,12,0.492,-0.007,0.87,0.091,0.062,0.047,0.061,0.288
1749760042000,inclinado_frente,1,13,0.352,0.128,0.928,0.037,0.035,0.072,0.068,0.315
1749760043000,inclinado_frente,1,14,0.529,-0.069,0.847,0.04,0.094,0.042,0.042,0.199
1749760044000,inclinado_frente,1,15,0.414,-0.096,0.906,0.031,0.034,0.042,0.041,0.184
1749760045000,inclinado_frente,1,16,0.452,0.071,0.89,0.058,0.052,0.065,0.064,0.343
1749760046000,inclinado_frente,1,17,0.376,0.022,0.926,0.043,0.047,0.047,0.047,0.237
1749760047000,inclinado_frente,1,18,0.447,-0.053,0.893,0.056,0.067,0.037,0.042,0.223
1749760048000,inclinado_frente,1,19,0.439,0.034,0.898,0.037,0.089,0.093,0.085,0.467
1749760049000,inclinado_frente,1,20,0.393,0.018,0.92,0.075,0.085,0.039,0.047,0.235
1749760050000,inclinado_frente,1,21,0.432,0.103,0.897,0.062,0.057,0.075,0.072,0.345
1749760051000,inclinado_frente,1,22,0.399,-0.122,0.91,0.059,0.046,0.056,0.056,0.273
1749760052000,inclinado_frente,1,23,0.402,-0.004,0.916,0.078,0.051,0.096,0.094,0.507
1749760053000,inclinado_frente,1,24,0.529,0.082,0.846,0.067,0.089,0.076,0.074,0.39
1749760054000,inclinado_frente,1,25,0.404,0.005,0.915,0.05,0.081,0.044,0.045,0.235
1749760055000,inclinado_frente,1,26,0.411,0.082,0.909,0.037,0.081,0.036,0.037,0.199
1749760056000,inclinado_frente,1,27,0.418,-0.082,0.905,0.086,0.072,0.085,0.085,0.45
1749760057000,inclinado_frente,1,28,0.357,0.002,0.934,0.071,0.037,0.073,0.073,0.341
1749760058000,inclinado_frente,1,29,0.494,0.042,0.869,0.063,0.067,0.083,0.079,0.418
1749760059000,inclinado_frente,1,30,0.522,-0.144,0.844,0.095,0.038,0.038,0.059,0.272
1749760060000,inclinado_tras,1,1,-0.399,0.059,0.915,0.084,0.077,0.053,0.059,0.321
1749760061000,inclinado_tras,1,2,-0.408,0.019,0.913,0.055,0.052,0.041,0.044,0.203
1749760062000,inclinado_tras,1,3,-0.358,-0.074,0.931,0.057,0.081,0.069,0.067,0.366
1749760063000,inclinado_tras,1,4,-0.41,0.059,0.911,0.056,0.099,0.08,0.077,0.419
1749760064000,inclinado_tras,1,5,-0.387,0.162,0.91,0.075,0.039,0.071,0.071,0.368
1749760065000,inclinado_tras,1,6,-0.416,0.091,0.906,0.088,0.051,0.062,0.067,0.332
1749760066000,inclinado_tras,1,7,-0.395,0.037,0.918,0.085,0.038,0.1,0.098,0.525
1749760067000,inclinado_tras,1,8,-0.452,0.032,0.891,0.037,0.1,0.077,0.07,0.363
1749760068000,inclinado_tras,1,9,-0.374,0.016,0.927,0.032,0.047,0.04,0.039,0.206
1749760069000,inclinado_tras,1,10,-0.37,-0.027,0.929,0.076,0.033,0.03,0.04,0.181
1749760070000,inclinado_tras,1,11,-0.544,-0.09,0.836,0.047,0.089,0.034,0.039,0.206
1749760071000,inclinado_tras,1,12,-0.441,0.014,0.898,0.079,0.089,0.033,0.046,0.214
1749760072000,inclinado_tras,1,13,-0.335,0.006,0.942,0.09,0.041,0.081,0.082,0.387
1749760073000,inclinado_tras,1,14,-0.445,0.056,0.894,0.099,0.073,0.034,0.053,0.273
1749760074000,inclinado_tras,1,15,-0.392,-0.009,0.92,0.08,0.042,0.036,0.046,0.215
1749760075000,inclinado_tras,1,16,-0.489,-0.046,0.871,0.085,0.075,0.07,0.074,0.343
1749760076000,inclinado_tras,1,17,-0.337,-0.024,0.941,0.07,0.079,0.075,0.075,0.407
1749760077000,inclinado_tras,1,18,-0.398,-0.009,0.917,0.058,0.063,0.038,0.042,0.195
1749760078000,inclinado_tras,1,19,-0.412,0.075,0.908,0.06,0.073,0.074,0.072,0.354
1749760079000,inclinado_tras,1,20,-0.475,-0.111,0.875,0.071,0.052,0.033,0.044,0.219
1749760080000,inclinado_tras,1,21,-0.297,0.077,0.952,0.07,0.07,0.079,0.078,0.403
1749760081000,inclinado_tras,1,22,-0.411,0.043,0.911,0.085,0.068,0.06,0.065,0.334
1749760082000,inclinado_tras,1,23,-0.252,0.016,0.968,0.082,0.092,0.094,0.094,0.469
1749760083000,inclinado_tras,1,24,-0.433,-0.054,0.9,0.052,0.089,0.065,0.063,0.289
1749760084000,inclinado_tras,1,25,-0.38,0.076,0.922,0.034,0.05,0.053,0.051,0.238
1749760085000,inclinado_tras,1,26,-0.363,-0.128,0.924,0.031,0.088,0.09,0.085,0.412
1749760086000,inclinado_tras,1,27,-0.365,-0.05,0.93,0.038,0.056,0.097,0.091,0.502
1749760087000,inclinado_tras,1,28,-0.395,-0.039,0.918,0.078,0.079,0.057,0.061,0.313
1749760088000,inclinado_tras,1,29,-0.428,0.055,0.902,0.067,0.041,0.042,0.047,0.252
1749760089000,inclinado_tras,1,30,-0.317,-0.068,0.946,0.089,0.099,0.04,0.048,0.235
1749760090000,anomalia,1,1,-0.031,0.101,0.994,0.678,0.517,0.535,0.535,3.449
1749760091000,anomalia,1,2,-0.066,-0.031,0.997,0.322,0.416,0.446,0.446,3.328
1749760092000,anomalia,1,3,0.08,-0.166,0.983,0.342,0.422,0.722,0.713,5.645
1749760093000,anomalia,1,4,-0.013,-0.018,1.0,0.681,0.329,0.483,0.483,3.682
1749760094000,anomalia,1,5,0.046,0.027,0.999,0.541,0.684,0.726,0.726,5.453
1749760095000,anomalia,1,6,-0.021,-0.053,0.998,0.725,0.47,0.549,0.549,4.172
1749760096000,anomalia,1,7,-0.062,-0.005,0.998,0.759,0.615,0.389,0.391,2.742
1749760097000,anomalia,1,8,0.052,-0.011,0.999,0.764,0.524,0.454,0.455,3.546
1749760098000,anomalia,1,9,-0.005,0.018,1.0,0.652,0.617,0.791,0.791,6.217
1749760099000,anomalia,1,10,0.087,-0.018,0.996,0.752,0.66,0.782,0.781,6.521
1749760100000,anomalia,1,11,-0.075,0.05,0.996,0.666,0.52,0.577,0.577,4.594
1749760101000,anomalia,1,12,0.112,-0.085,0.99,0.444,0.667,0.675,0.673,4.734
1749760102000,anomalia,1,13,-0.115,-0.089,0.989,0.689,0.545,0.793,0.79,5.841
1749760103000,anomalia,1,14,-0.124,0.036,0.992,0.697,0.342,0.578,0.579,4.871
1749760104000,anomalia,1,15,0.038,0.053,0.998,0.318,0.486,0.324,0.325,2.056
1749760105000,anomalia,1,16,0.016,-0.099,0.995,0.687,0.733,0.67,0.67,5.633
1749760106000,anomalia,1,17,0.017,-0.043,0.999,0.611,0.729,0.302,0.304,2.291
1749760107000,anomalia,1,18,-0.043,0.033,0.999,0.501,0.748,0.636,0.636,4.268
1749760108000,anomalia,1,19,-0.168,0.112,0.98,0.727,0.449,0.595,0.598,4.298
1749760109000,anomalia,1,20,-0.02,-0.013,1.0,0.394,0.342,0.471,0.471,3.839
1749760110000,anomalia,1,21,0.049,0.143,0.989,0.448,0.504,0.368,0.372,2.873
1749760111000,anomalia,1,22,-0.121,0.011,0.993,0.758,0.548,0.367,0.376,2.667
1749760112000,anomalia,1,23,-0.077,0.041,0.996,0.309,0.527,0.617,0.616,4.329
1749760113000,anomalia,1,24,-0.023,-0.118,0.993,0.676,0.57,0.442,0.444,3.863
1749760114000,anomalia,1,25,-0.119,-0.113,0.987,0.755,0.565,0.671,0.671,5.216
1749760115000,anomalia,1,26,0.019,-0.05,0.999,0.421,0.461,0.378,0.378,3.259
1749760116000,anomalia,1,27,0.027,0.029,0.999,0.696,0.692,0.519,0.52,3.859
1749760117000,anomalia,1,28,0.087,-0.036,0.996,0.707,0.751,0.694,0.694,4.549
1749760118000,anomalia,1,29,0.055,0.104,0.993,0.626,0.778,0.556,0.559,4.084
1749760119000,anomalia,1,30,0.066,-0.157,0.985,0.352,0.321,0.423,0.421,2.606
1749760120000,operando,2,1,-0.064,-0.014,0.998,0.052,0.034,0.038,0.038,0.185
1749760121000,operando,2,2,0.073,-0.068,0.995,0.044,0.051,0.058,0.057,0.283
1749760122000,operando,2,3,-0.001,0.049,0.999,0.09,0.03,0.066,0.066,0.327
1749760123000,operando,2,4,-0.109,0.048,0.993,0.085,0.089,0.048,0.049,0.236
1749760124000,operando,2,5,-0.159,-0.104,0.982,0.078,0.046,0.053,0.054,0.292
1749760125000,operando,2,6,-0.08,-0.078,0.994,0.08,0.041,0.033,0.034,0.157
1749760126000,operando,2,7,0.019,0.011,1.0,0.043,0.032,0.038,0.038,0.193
1749760127000,operando,2,8,0.07,0.083,0.994,0.071,0.089,0.03,0.031,0.168
1749760128000,operando,2,9,0.125,0.036,0.991,0.084,0.09,0.048,0.049,0.264
1749760129000,operando,2,10,-0.071,0.143,0.987,0.099,0.055,0.087,0.086,0.417
1749760130000,operando,2,11,0.045,0.031,0.999,0.045,0.059,0.052,0.052,0.239
1749760131000,operando,2,12,0.024,-0.124,0.992,0.031,0.042,0.081,0.08,0.418
1749760132000,operando,2,13,0.12,0.095,0.988,0.092,0.072,0.039,0.041,0.188
1749760133000,operando,2,14,-0.076,0.028,0.997,0.066,0.099,0.03,0.031,0.139
1749760134000,operando,2,15,0.125,0.062,0.99,0.039,0.093,0.092,0.091,0.459
1749760135000,operando,2,16,-0.075,-0.011,0.997,0.034,0.072,0.051,0.051,0.261
1749760136000,operando,2,17,-0.124,-0.009,0.992,0.072,0.046,0.091,0.091,0.432
1749760137000,operando,2,18,-0.059,-0.076,0.995,0.058,0.077,0.081,0.081,0.409
1749760138000,operando,2,19,-0.009,-0.087,0.996,0.059,0.066,0.031,0.031,0.166
1749760139000,operando,2,20,0.018,-0.035,0.999,0.037,0.092,0.058,0.058,0.299
1749760140000,operando,2,21,0.019,-0.079,0.997,0.042,0.044,0.09,0.09,0.487
1749760141000,operando,2,22,-0.081,-0.147,0.986,0.081,0.091,0.057,0.058,0.29
1749760142000,operando,2,23,0.085,-0.186,0.979,0.085,0.07,0.037,0.039,0.213
1749760143000,operando,2,24,-0.053,-0.062,0.997,0.037,0.044,0.082,0.082,0.37
1749760144000,operando,2,25,0.133,0.002,0.991,0.08,0.092,0.058,0.058,0.28
1749760145000,operando,2,26,0.22,0.059,0.974,0.059,0.072,0.095,0.094,0.467
1749760146000,operando,2,27,0.063,0.002,0.998,0.058,0.039,0.041,0.041,0.215
1749760147000,operando,2,28,-0.135,0.047,0.99,0.047,0.037,0.083,0.082,0.442
1749760148000,operando,2,29,-0.048,0.058,0.997,0.043,0.067,0.063,0.063,0.299
1749760149000,operando,2,30,0.019,-0.07,0.997,0.097,0.076,0.065,0.065,0.299
1749760150000,inclinado_frente,2,1,0.422,-0.015,0.907,0.084,0.091,0.093,0.091,0.502
1749760151000,inclinado_frente,2,2,0.351,-0.082,0.933,0.035,0.04,0.051,0.05,0.25
1749760152000,inclinado_frente,2,3,0.259,-0.119,0.959,0.073,0.068,0.042,0.045,0.213
1749760153000,inclinado_frente,2,4,0.403,0.073,0.913,0.071,0.081,0.051,0.055,0.266
1749760154000,inclinado_frente,2,5,0.447,0.007,0.894,0.084,0.044,0.096,0.094,0.433
1749760155000,inclinado_frente,2,6,0.408,-0.089,0.909,0.049,0.089,0.043,0.044,0.217
1749760156000,inclinado_frente,2,7,0.457,-0.043,0.888,0.08,0.09,0.091,0.089,0.43
1749760157000,inclinado_frente,2,8,0.456,0.095,0.886,0.047,0.041,0.096,0.088,0.472
1749760158000,inclinado_frente,2,9,0.386,-0.012,0.922,0.064,0.067,0.068,0.067,0.331
1749760159000,inclinado_frente,2,10,0.427,0.0,0.904,0.097,0.064,0.097,0.097,0.451
1749760160000,inclinado_frente,2,11,0.46,-0.08,0.885,0.048,0.032,0.038,0.04,0.219
1749760161000,inclinado_frente,2,12,0.478,0.034,0.878,0.063,0.058,0.067,0.066,0.31
1749760162000,inclinado_frente,2,13,0.23,0.027,0.973,0.082,0.063,0.041,0.044,0.238
1749760163000,inclinado_frente,2,14,0.348,-0.05,0.936,0.054,0.086,0.074,0.072,0.376
1749760164000,inclinado_frente,2,15,0.448,0.113,0.888,0.095,0.061,0.075,0.079,0.356
1749760165000,inclinado_frente,2,16,0.334,-0.018,0.942,0.034,0.062,0.039,0.039,0.179
1749760166000,inclinado_frente,2,17,0.416,0.016,0.909,0.095,0.052,0.081,0.083,0.414
1749760167000,inclinado_frente,2,18,0.396,-0.099,0.914,0.063,0.097,0.054,0.056,0.262
1749760168000,inclinado_frente,2,19,0.469,0.026,0.883,0.033,0.061,0.092,0.083,0.436
1749760169000,inclinado_frente,2,20,0.46,-0.021,0.887,0.076,0.051,0.096,0.092,0.45
1749760170000,inclinado_frente,2,21,0.504,-0.008,0.864,0.069,0.08,0.066,0.067,0.36
1749760171000,inclinado_frente,2,22,0.474,-0.004,0.881,0.054,0.059,0.061,0.059,0.274
1749760172000,inclinado_frente,2,23,0.444,0.047,0.895,0.076,0.076,0.031,0.044,0.212
1749760173000,inclinado_frente,2,24,0.512,-0.035,0.859,0.09,0.047,0.077,0.08,0.373
1749760174000,inclinado_frente,2,25,0.405,-0.024,0.914,0.05,0.077,0.094,0.088,0.414
1749760175000,inclinado_frente,2,26,0.461,-0.147,0.878,0.097,0.073,0.048,0.062,0.318
1749760176000,inclinado_frente,2,27,0.488,0.083,0.87,0.058,0.078,0.032,0.04,0.196
1749760177000,inclinado_frente,2,28,0.423,0.069,0.904,0.061,0.096,0.09,0.085,0.412
1749760178000,inclinado_frente,2,29,0.483,0.049,0.874,0.074,0.053,0.047,0.055,0.296
1749760179000,inclinado_frente,2,30,0.457,-0.067,0.888,0.098,0.082,0.084,0.087,0.457
1749760180000,inclinado_tras,2,1,-0.263,-0.096,0.96,0.047,0.075,0.05,0.05,0.239
1749760181000,inclinado_tras,2,2,-0.394,-0.011,0.919,0.045,0.087,0.09,0.085,0.396
1749760182000,inclinado_tras,2,3,-0.426,-0.075,0.902,0.086,0.089,0.04,0.052,0.272
1749760183000,inclinado_tras,2,4,-0.492,-0.016,0.871,0.1,0.043,0.041,0.061,0.298
1749760184000,inclinado_tras,2,5,-0.238,-0.041,0.97,0.099,0.035,0.04,0.045,0.239
1749760185000,inclinado_tras,2,6,-0.419,0.008,0.908,0.076,0.038,0.088,0.086,0.404
1749760186000,inclinado_tras,2,7,-0.44,-0.042,0.897,0.065,0.078,0.076,0.074,0.405
1749760187000,inclinado_tras,2,8,-0.344,0.11,0.933,0.081,0.098,0.052,0.057,0.284
1749760188000,inclinado_tras,2,9,-0.383,0.042,0.923,0.077,0.055,0.085,0.084,0.448
1749760189000,inclinado_tras,2,10,-0.472,0.091,0.878,0.053,0.082,0.086,0.08,0.398
1749760190000,inclinado_tras,2,11,-0.438,0.007,0.899,0.092,0.037,0.041,0.054,0.273
1749760191000,inclinado_tras,2,12,-0.484,0.031,0.875,0.03,0.061,0.084,0.075,0.341
1749760192000,inclinado_tras,2,13,-0.44,0.123,0.891,0.042,0.04,0.09,0.083,0.439
1749760193000,inclinado_tras,2,14,-0.439,-0.048,0.897,0.036,0.058,0.082,0.075,0.357
1749760194000,inclinado_tras,2,15,-0.42,-0.006,0.907,0.083,0.063,0.056,0.061,0.289
1749760195000,inclinado_tras,2,16,-0.457,0.001,0.89,0.038,0.036,0.042,0.042,0.194
1749760196000,inclinado_tras,2,17,-0.356,0.013,0.934,0.099,0.04,0.076,0.079,0.392
1749760197000,inclinado_tras,2,18,-0.416,0.0,0.91,0.098,0.091,0.043,0.057,0.268
1749760198000,inclinado_tras,2,19,-0.445,-0.018,0.895,0.081,0.07,0.069,0.071,0.38
1749760199000,inclinado_tras,2,20,-0.306,-0.029,0.952,0.033,0.072,0.064,0.062,0.294
1749760200000,inclinado_tras,2,21,-0.485,-0.006,0.875,0.088,0.069,0.057,0.066,0.313
1749760201000,inclinado_tras,2,22,-0.396,-0.092,0.914,0.069,0.077,0.035,0.043,0.191
1749760202000,inclinado_tras,2,23,-0.508,-0.022,0.861,0.075,0.042,0.092,0.088,0.438
1749760203000,inclinado_tras,2,24,-0.358,-0.018,0.934,0.034,0.045,0.071,0.067,0.317
1749760204000,inclinado_tras,2,25,-0.48,0.103,0.872,0.037,0.044,0.06,0.055,0.257
1749760205000,inclinado_tras,2,26,-0.429,-0.045,0.902,0.052,0.055,0.034,0.038,0.185
1749760206000,inclinado_tras,2,27,-0.404,0.062,0.913,0.044,0.092,0.095,0.089,0.408
1749760207000,inclinado_tras,2,28,-0.508,-0.126,0.855,0.073,0.039,0.09,0.085,0.448
1749760208000,inclinado_tras,2,29,-0.339,0.029,0.94,0.1,0.033,0.058,0.064,0.31
1749760209000,inclinado_tras,2,30,-0.459,0.039,0.888,0.086,0.042,0.099,0.096,0.48
1749760210000,anomalia,2,1,0.006,0.023,1.0,0.592,0.364,0.461,0.461,3.03
1749760211000,anomalia,2,2,0.108,0.089,0.99,0.595,0.479,0.504,0.505,3.686
1749760212000,anomalia,2,3,0.005,-0.029,1.0,0.766,0.496,0.465,0.465,3.417
1749760213000,anomalia,2,4,0.106,-0.056,0.993,0.629,0.577,0.46,0.463,3.258
1749760214000,anomalia,2,5,-0.003,0.121,0.993,0.383,0.662,0.495,0.497,3.305
1749760215000,anomalia,2,6,-0.031,-0.003,1.0,0.429,0.713,0.764,0.763,5.949
1749760216000,anomalia,2,7,0.041,0.107,0.993,0.773,0.496,0.762,0.759,5.876
1749760217000,anomalia,2,8,0.002,-0.042,0.999,0.64,0.581,0.313,0.314,2.584
1749760218000,anomalia,2,9,-0.151,-0.14,0.979,0.533,0.303,0.693,0.685,4.786
1749760219000,anomalia,2,10,-0.002,0.139,0.99,0.583,0.435,0.38,0.381,3.175
1749760220000,anomalia,2,11,-0.148,0.018,0.989,0.783,0.782,0.728,0.729,4.785
1749760221000,anomalia,2,12,-0.067,0.004,0.998,0.487,0.351,0.705,0.705,5.246
1749760222000,anomalia,2,13,-0.018,-0.172,0.985,0.604,0.512,0.485,0.486,3.524
1749760223000,anomalia,2,14,-0.082,0.056,0.995,0.719,0.442,0.452,0.454,3.917
1749760224000,anomalia,2,15,-0.014,0.026,1.0,0.532,0.645,0.382,0.382,3.058
1749760225000,anomalia,2,16,-0.002,-0.109,0.994,0.32,0.531,0.561,0.561,3.725
1749760226000,anomalia,2,17,-0.009,0.052,0.999,0.472,0.348,0.774,0.773,5.576
1749760227000,anomalia,2,18,0.029,0.129,0.991,0.34,0.626,0.736,0.734,5.799
1749760228000,anomalia,2,19,-0.056,0.03,0.998,0.318,0.567,0.797,0.796,7.061
1749760229000,anomalia,2,20,0.023,-0.051,0.998,0.451,0.751,0.323,0.324,2.858
1749760230000,anomalia,2,21,-0.09,0.025,0.996,0.717,0.378,0.567,0.569,4.975
1749760231000,anomalia,2,22,-0.029,-0.018,0.999,0.523,0.332,0.784,0.784,5.435
1749760232000,anomalia,2,23,-0.027,0.026,0.999,0.782,0.347,0.734,0.733,5.959
1749760233000,anomalia,2,24,-0.106,0.058,0.993,0.721,0.772,0.363,0.371,3.116
1749760234000,anomalia,2,25,0.039,0.012,0.999,0.749,0.786,0.652,0.653,4.861
1749760235000,anomalia,2,26,-0.022,-0.011,1.0,0.481,0.496,0.345,0.345,2.15
1749760236000,anomalia,2,27,0.023,-0.064,0.998,0.765,0.606,0.318,0.32,2.069
1749760237000,anomalia,2,28,-0.13,0.13,0.983,0.409,0.558,0.768,0.76,6.791
1749760238000,anomalia,2,29,0.082,-0.023,0.996,0.377,0.332,0.398,0.397,3.062
1749760239000,anomalia,2,30,0.018,0.045,0.999,0.613,0.401,0.7,0.7,5.496
1749760240000,operando,3,1,-0.109,0.088,0.99,0.054,0.036,0.046,0.046,0.226
1749760241000,operando,3,2,0.068,0.002,0.998,0.084,0.068,0.043,0.043,0.208
1749760242000,operando,3,3,0.013,-0.064,0.998,0.06,0.046,0.081,0.08,0.375
1749760243000,operando,3,4,-0.019,-0.065,0.998,0.038,0.065,0.066,0.066,0.332
1749760244000,operando,3,5,-0.031,-0.205,0.978,0.064,0.063,0.06,0.06,0.273
1749760245000,operando,3,6,-0.097,0.1,0.99,0.075,0.034,0.099,0.098,0.487
1749760246000,operando,3,7,-0.021,-0.041,0.999,0.034,0.088,0.075,0.075,0.398
1749760247000,operando,3,8,0.102,-0.008,0.995,0.09,0.074,0.054,0.055,0.283
1749760248000,operando,3,9,0.067,-0.051,0.996,0.056,0.06,0.087,0.087,0.434
1749760249000,operando,3,10,-0.09,-0.095,0.991,0.045,0.082,0.039,0.04,0.187
1749760250000,operando,3,11,-0.001,-0.157,0.988,0.093,0.049,0.038,0.038,0.208
1749760251000,operando,3,12,-0.027,0.119,0.993,0.05,0.067,0.092,0.091,0.481
1749760252000,operando,3,13,0.054,-0.056,0.997,0.055,0.063,0.04,0.04,0.193
1749760253000,operando,3,14,-0.043,-0.002,0.999,0.069,0.079,0.035,0.035,0.174
1749760254000,operando,3,15,0.023,-0.08,0.997,0.087,0.061,0.087,0.087,0.414
1749760255000,operando,3,16,0.092,0.023,0.995,0.063,0.057,0.047,0.047,0.247
1749760256000,operando,3,17,0.139,0.009,0.99,0.039,0.061,0.051,0.051,0.248
1749760257000,operando,3,18,-0.117,0.015,0.993,0.095,0.065,0.075,0.075,0.404
1749760258000,operando,3,19,-0.088,-0.191,0.978,0.092,0.094,0.085,0.086,0.425
1749760259000,operando,3,20,0.084,-0.012,0.996,0.063,0.065,0.059,0.059,0.297
1749760260000,operando,3,21,0.068,-0.081,0.994,0.038,0.046,0.086,0.085,0.455
1749760261000,operando,3,22,-0.065,0.106,0.992,0.092,0.052,0.058,0.058,0.278
1749760262000,operando,3,23,0.095,-0.017,0.995,0.054,0.069,0.051,0.051,0.237
1749760263000,operando,3,24,-0.109,-0.051,0.993,0.096,0.058,0.088,0.088,0.458
1749760264000,operando,3,25,-0.051,0.054,0.997,0.087,0.049,0.094,0.094,0.435
1749760265000,operando,3,26,-0.057,-0.08,0.995,0.046,0.049,0.098,0.097,0.463
1749760266000,operando,3,27,0.051,-0.111,0.993,0.048,0.084,0.084,0.084,0.41
1749760267000,operando,3,28,-0.101,-0.088,0.991,0.03,0.07,0.1,0.099,0.449
1749760268000,operando,3,29,0.083,-0.011,0.996,0.087,0.036,0.058,0.058,0.304
1749760269000,operando,3,30,-0.163,0.066,0.985,0.044,0.059,0.064,0.063,0.338
1749760270000,inclinado_frente,3,1,0.412,-0.051,0.91,0.099,0.059,0.058,0.067,0.363
1749760271000,inclinado_frente,3,2,0.52,-0.074,0.852,0.083,0.037,0.063,0.069,0.323
1749760272000,inclinado_frente,3,3,0.403,0.095,0.911,0.05,0.086,0.094,0.088,0.466
1749760273000,inclinado_frente,3,4,0.441,-0.018,0.897,0.048,0.039,0.096,0.089,0.435
1749760274000,inclinado_frente,3,5,0.597,-0.124,0.796,0.058,0.032,0.041,0.048,0.246
1749760275000,inclinado_frente,3,6,0.47,0.082,0.88,0.094,0.09,0.089,0.09,0.428
1749760276000,inclinado_frente,3,7,0.446,0.075,0.892,0.051,0.073,0.083,0.078,0.36
1749760277000,inclinado_frente,3,8,0.44,0.076,0.895,0.081,0.061,0.091,0.089,0.449
1749760278000,inclinado_frente,3,9,0.327,0.035,0.944,0.082,0.05,0.038,0.045,0.214
1749760279000,inclinado_frente,3,10,0.426,-0.008,0.905,0.071,0.058,0.085,0.083,0.448
1749760280000,inclinado_frente,3,11,0.501,0.037,0.865,0.077,0.067,0.043,0.054,0.286
1749760281000,inclinado_frente,3,12,0.308,0.052,0.95,0.094,0.099,0.055,0.06,0.307
1749760282000,inclinado_frente,3,13,0.533,0.083,0.843,0.037,0.059,0.091,0.079,0.38
1749760283000,inclinado_frente,3,14,0.378,-0.006,0.926,0.099,0.092,0.051,0.06,0.317
1749760284000,inclinado_frente,3,15,0.318,0.069,0.946,0.076,0.088,0.032,0.039,0.184
1749760285000,inclinado_frente,3,16,0.357,-0.038,0.934,0.065,0.034,0.054,0.056,0.299
1749760286000,inclinado_frente,3,17,0.438,-0.01,0.899,0.096,0.034,0.082,0.085,0.406
1749760287000,inclinado_frente,3,18,0.333,-0.037,0.942,0.045,0.067,0.085,0.081,0.385
1749760288000,inclinado_frente,3,19,0.31,0.014,0.951,0.097,0.08,0.074,0.077,0.404
1749760289000,inclinado_frente,3,20,0.438,0.132,0.891,0.061,0.075,0.044,0.049,0.262
1749760290000,inclinado_frente,3,21,0.386,-0.158,0.911,0.071,0.04,0.098,0.093,0.505
1749760291000,inclinado_frente,3,22,0.385,-0.037,0.922,0.042,0.045,0.036,0.037,0.172
1749760292000,inclinado_frente,3,23,0.38,0.134,0.917,0.035,0.039,0.088,0.082,0.415
1749760293000,inclinado_frente,3,24,0.427,0.003,0.904,0.092,0.075,0.067,0.072,0.374
1749760294000,inclinado_frente,3,25,0.39,0.064,0.919,0.063,0.042,0.086,0.083,0.393
1749760295000,inclinado_frente,3,26,0.398,0.103,0.913,0.089,0.053,0.078,0.08,0.427
1749760296000,inclinado_frente,3,27,0.386,0.022,0.922,0.052,0.045,0.078,0.075,0.405
1749760297000,inclinado_frente,3,28,0.381,-0.039,0.924,0.05,0.069,0.074,0.071,0.361
1749760298000,inclinado_frente,3,29,0.356,0.005,0.934,0.079,0.077,0.078,0.078,0.356
1749760299000,inclinado_frente,3,30,0.355,-0.01,0.935,0.036,0.046,0.061,0.058,0.306
1749760300000,inclinado_tras,3,1,-0.451,0.005,0.893,0.063,0.065,0.073,0.071,0.388
1749760301000,inclinado_tras,3,2,-0.506,0.015,0.863,0.072,0.082,0.035,0.047,0.238
1749760302000,inclinado_tras,3,3,-0.57,-0.069,0.82,0.065,0.063,0.097,0.088,0.435
1749760303000,inclinado_tras,3,4,-0.403,0.071,0.913,0.037,0.03,0.06,0.057,0.3
1749760304000,inclinado_tras,3,5,-0.536,-0.023,0.844,0.07,0.041,0.096,0.089,0.416
1749760305000,inclinado_tras,3,6,-0.425,0.031,0.905,0.075,0.059,0.083,0.082,0.387
1749760306000,inclinado_tras,3,7,-0.392,-0.0,0.92,0.083,0.089,0.1,0.097,0.461
1749760307000,inclinado_tras,3,8,-0.405,-0.0,0.914,0.048,0.071,0.1,0.093,0.511
1749760308000,inclinado_tras,3,9,-0.392,-0.018,0.92,0.09,0.095,0.044,0.054,0.271
1749760309000,inclinado_tras,3,10,-0.477,0.047,0.878,0.061,0.099,0.099,0.092,0.496
1749760310000,inclinado_tras,3,11,-0.375,0.004,0.927,0.052,0.068,0.069,0.067,0.336
1749760311000,inclinado_tras,3,12,-0.409,-0.018,0.913,0.082,0.053,0.053,0.059,0.273
1749760312000,inclinado_tras,3,13,-0.366,-0.104,0.925,0.061,0.046,0.083,0.08,0.406
1749760313000,inclinado_tras,3,14,-0.447,0.046,0.894,0.042,0.076,0.049,0.048,0.219
1749760314000,inclinado_tras,3,15,-0.392,-0.048,0.919,0.032,0.089,0.041,0.04,0.203
1749760315000,inclinado_tras,3,16,-0.381,-0.076,0.922,0.035,0.086,0.093,0.087,0.39
1749760316000,inclinado_tras,3,17,-0.436,0.047,0.899,0.068,0.041,0.044,0.05,0.257
1749760317000,inclinado_tras,3,18,-0.461,-0.083,0.884,0.097,0.065,0.051,0.064,0.317
1749760318000,inclinado_tras,3,19,-0.33,-0.113,0.938,0.033,0.055,0.08,0.076,0.343
1749760319000,inclinado_tras,3,20,-0.545,0.019,0.838,0.073,0.084,0.087,0.083,0.432
1749760320000,inclinado_tras,3,21,-0.357,-0.055,0.933,0.072,0.047,0.033,0.04,0.19
1749760321000,inclinado_tras,3,22,-0.518,0.032,0.855,0.042,0.088,0.095,0.084,0.395
1749760322000,inclinado_tras,3,23,-0.384,-0.009,0.923,0.095,0.097,0.031,0.046,0.243
1749760323000,inclinado_tras,3,24,-0.452,0.03,0.892,0.098,0.069,0.035,0.054,0.291
1749760324000,inclinado_tras,3,25,-0.346,-0.211,0.917,0.059,0.07,0.041,0.045,0.236
1749760325000,inclinado_tras,3,26,-0.491,0.072,0.869,0.089,0.063,0.066,0.072,0.347
1749760326000,inclinado_tras,3,27,-0.459,-0.071,0.886,0.056,0.042,0.045,0.048,0.237
1749760327000,inclinado_tras,3,28,-0.476,0.09,0.876,0.045,0.09,0.056,0.054,0.292
1749760328000,inclinado_tras,3,29,-0.465,-0.056,0.884,0.095,0.048,0.079,0.082,0.451
1749760329000,inclinado_tras,3,30,-0.446,-0.126,0.888,0.077,0.054,0.035,0.047,0.233
1749760330000,anomalia,3,1,0.004,0.017,1.0,0.468,0.723,0.56,0.56,4.777
1749760331000,anomalia,3,2,0.063,-0.084,0.994,0.625,0.358,0.743,0.74,5.527
1749760332000,anomalia,3,3,-0.019,-0.016,1.0,0.644,0.324,0.443,0.443,2.846
1749760333000,anomalia,3,4,-0.03,0.056,0.998,0.561,0.44,0.316,0.317,2.485
1749760334000,anomalia,3,5,-0.093,0.054,0.994,0.354,0.307,0.424,0.423,3.12
1749760335000,anomalia,3,6,0.012,-0.039,0.999,0.489,0.565,0.597,0.597,3.619
1749760336000,anomalia,3,7,0.014,-0.054,0.998,0.511,0.35,0.691,0.691,6.096
1749760337000,anomalia,3,8,0.016,0.067,0.998,0.682,0.442,0.694,0.693,5.471
1749760338000,anomalia,3,9,-0.037,0.154,0.987,0.321,0.522,0.573,0.572,3.684
1749760339000,anomalia,3,10,-0.098,0.078,0.992,0.308,0.526,0.721,0.717,5.002
1749760340000,anomalia,3,11,-0.088,0.124,0.988,0.537,0.365,0.326,0.329,2.904
1749760341000,anomalia,3,12,0.011,-0.002,1.0,0.345,0.512,0.765,0.765,5.743
1749760342000,anomalia,3,13,-0.055,0.009,0.998,0.552,0.73,0.524,0.524,3.585
1749760343000,anomalia,3,14,-0.181,0.014,0.983,0.565,0.788,0.393,0.4,2.763
1749760344000,anomalia,3,15,-0.028,0.008,1.0,0.4,0.64,0.391,0.391,3.135
1749760345000,anomalia,3,16,0.021,0.064,0.998,0.474,0.658,0.533,0.534,3.781
1749760346000,anomalia,3,17,-0.069,0.046,0.997,0.407,0.75,0.471,0.472,2.886
1749760347000,anomalia,3,18,-0.085,0.081,0.993,0.419,0.674,0.365,0.369,3.104
1749760348000,anomalia,3,19,-0.034,-0.126,0.991,0.655,0.657,0.796,0.794,5.579
1749760349000,anomalia,3,20,0.019,0.027,0.999,0.567,0.389,0.607,0.606,3.664
1749760350000,anomalia,3,21,0.037,-0.014,0.999,0.32,0.354,0.42,0.42,2.865
1749760351000,anomalia,3,22,0.004,-0.09,0.996,0.489,0.493,0.47,0.47,3.28
1749760352000,anomalia,3,23,0.028,0.027,0.999,0.401,0.678,0.795,0.795,6.985
1749760353000,anomalia,3,24,-0.007,-0.033,0.999,0.457,0.687,0.682,0.682,5.823
1749760354000,anomalia,3,25,0.009,0.057,0.998,0.683,0.703,0.454,0.455,4.001
1749760355000,anomalia,3,26,-0.126,0.108,0.986,0.685,0.347,0.628,0.627,3.823
1749760356000,anomalia,3,27,-0.02,-0.036,0.999,0.601,0.728,0.349,0.35,2.388
1749760357000,anomalia,3,28,0.027,0.035,0.999,0.524,0.433,0.496,0.496,3.611
1749760358000,anomalia,3,29,0.004,0.008,1.0,0.747,0.513,0.464,0.464,3.483
1749760359000,anomalia,3,30,-0.056,0.005,0.998,0.551,0.376,0.476,0.476,3.666
