{
  "version": 1,
  "author": "Noris Junior",
  "editor": "wokwi",
  "parts": [
    { "type": "board-esp32-devkit-c-v4", "id": "esp", "top": 0, "left": 0, "attrs": {} },
    { "type": "wokwi-dht22", "id": "dht1", "top": -143.7, "left": 109.8, "attrs": {} },
    { "type": "wokwi-dht22", "id": "dht2", "top": -143.7, "left": 177, "attrs": {} },
    {
      "type": "wokwi-led",
      "id": "led1",
      "top": 34.8,
      "left": -63.4,
      "attrs": { "color": "cyan" }
    },
    { "type": "wokwi-led", "id": "led2", "top": -3.6, "left": -53.8, "attrs": { "color": "red" } },
    {
      "type": "wokwi-led",
      "id": "led3",
      "top": 73.2,
      "left": -73,
      "attrs": { "color": "yellow" }
    }
  ],
  "connections": [
    [ "esp:TX", "$serialMonitor:RX", "", [] ],
    [ "esp:RX", "$serialMonitor:TX", "", [] ],
    [ "led2:A", "esp:25", "green", [ "v0" ] ],
    [ "led1:A", "esp:26", "green", [ "v0" ] ],
    [ "led3:A", "esp:27", "green", [ "v0" ] ],
    [ "led2:C", "esp:GND.1", "black", [ "h-38", "v115.2" ] ],
    [ "led1:C", "esp:GND.1", "black", [ "h-28.4", "v76.8" ] ],
    [ "led3:C", "esp:GND.1", "black", [ "h-18.8", "v38.4" ] ],
    [ "dht1:VCC", "esp:3V3", "red", [ "v19.2", "h-9.6" ] ],
    [ "dht2:VCC", "esp:3V3", "red", [ "v19.2", "h-9.6" ] ],
    [ "dht1:SDA", "esp:19", "green", [ "v0" ] ],
    [ "dht2:SDA", "esp:18", "green", [ "v0" ] ],
    [ "dht1:GND", "esp:GND.2", "black", [ "v0" ] ],
    [ "dht2:GND", "esp:GND.2", "black", [ "v0" ] ]
  ],
  "dependencies": {}
}